idx,row_idx,prompt_tokens,overlong,status,compiled,tests_pass,correctness,raw_speedup,effective_speedup,speedup_floor1,is_copy,response_tokens,n_inputs,compile_stderr,response,morph_called,morph_success
1,95,2150,True,PROMPT_TOO_LONG,False,False,-1.0,,1.0,1.0,False,0,104,skipped: prompt exceeds max_prompt_length,,False,False
2,15,794,False,ALL_PASS,True,True,1.0,0.9969,0.9969,1.0,False,202,104,,"```assembly
// ... existing code ...
movq %rbp, %rsp
popq %rbx
popq %rbp
popq %rbp
popq %rbx
popq %rbp
popq %rbx
popq %r15
popq %r14
popq %r13
popq %r12
popq %rbx
popq %rbx
popq %r11
popq %r10
popq %r9
popq %r8
popq %rbx
popq %rbx
popq %r15
popq %r14
popq %r13
popq %r12
popq %rbx
popq %rbx
movq %r12,%rsp
xorq %rbp,%rbp
leaveq
retq
// ... existing code ...
```",True,True
3,30,957,False,ALL_PASS,True,True,1.0,1.0304,1.0304,1.0304,False,208,104,,"```assembly
// ... existing code ...
movq %rbx, %rsp
popq %rbx
popq %rbp
popq %rbx
popq %r15
popq %r14
popq %r13
popq %r12
popq %rbx
popq %rbx
popq %r11
popq %r10
popq %r9
popq %r8
popq %rbx
popq %rbx
popq %r15
popq %r14
popq %r13
popq %r12
popq %rbx
popq %rbx
popq %rbp
popq %rbp
popq %rbp
popq %rbx
movq %r12,%rsp
xorq %rbp,%rbp
leaveq
retq
// ... existing code ...
```",True,True
4,158,855,False,ALL_PASS,True,True,1.0,1.023,1.023,1.023,False,202,104,,"```assembly
// ... existing code ...
movq %rbp, %rsp
popq %rbx
popq %rbp
popq %rbp
popq %rbx
popq %rbp
popq %rbx
popq %r15
popq %r14
popq %r13
popq %r12
popq %rbx
popq %rbx
popq %r11
popq %r10
popq %r9
popq %r8
popq %rbx
popq %rbx
popq %r15
popq %r14
popq %r13
popq %r12
popq %rbx
popq %rbx
movq %r12,%rsp
xorq %rbp,%rbp
leaveq
retq
// ... existing code ...
```",True,True
5,128,573,False,RUNTIME_ERR,True,False,-0.5,,1.0,1.0,False,240,1,,"```assembly
// ... existing code ...
endbr64
subq $8, %rsp
movabsq $0x400510, %rsp
pushq %rbp
movq %rsp, %rbp
movq %rbp, %rsp
popq %rbp
popq %rbx
popq %rbp
popq %rbp
popq %rbx
popq %r15
popq %r14
popq %r13
popq %r12
popq %rbx
popq %rbx
popq %r11
popq %r10
popq %r9
popq %r8
popq %rbx
popq %rbx
popq %r15
popq %r14
popq %r13
popq %r12
popq %rbx
popq %rbx
movq %r12,%rsp
xorq %rbp,%rbp
leaveq
retq
// ... existing code ...
```",True,True
6,115,990,False,ALL_PASS,True,True,1.0,0.9586,0.9586,1.0,False,202,104,,"```assembly
// ... existing code ...
movq %rbp, %rsp
popq %rbx
popq %rbp
popq %rbp
popq %rbx
popq %rbp
popq %rbx
popq %r15
popq %r14
popq %r13
popq %r12
popq %rbx
popq %rbx
popq %r11
popq %r10
popq %r9
popq %r8
popq %rbx
popq %rbx
popq %r15
popq %r14
popq %r13
popq %r12
popq %rbx
popq %rbx
movq %r12,%rsp
xorq %rbp,%rbp
leaveq
retq
// ... existing code ...
```",True,True
7,69,1053,False,ALL_PASS,True,True,1.0,0.9876,0.9876,1.0,False,202,104,,"```assembly
// ... existing code ...
movq %rbp, %rsp
popq %rbx
popq %rbp
popq %rbp
popq %rbx
popq %rbp
popq %rbx
popq %r15
popq %r14
popq %r13
popq %r12
popq %rbx
popq %rbx
popq %r11
popq %r10
popq %r9
popq %r8
popq %rbx
popq %rbx
popq %r15
popq %r14
popq %r13
popq %r12
popq %rbx
popq %rbx
movq %r12,%rsp
xorq %rbp,%rbp
leaveq
retq
// ... existing code ...
```",True,True
8,170,855,False,ALL_PASS,True,True,1.0,1.0077,1.0077,1.0077,False,202,104,,"```assembly
// ... existing code ...
movq %rbp, %rsp
popq %rbx
popq %rbp
popq %rbp
popq %rbx
popq %rbp
popq %rbx
popq %r15
popq %r14
popq %r13
popq %r12
popq %rbx
popq %rbx
popq %r11
popq %r10
popq %r9
popq %r8
popq %rbx
popq %rbx
popq %r15
popq %r14
popq %r13
popq %r12
popq %rbx
popq %rbx
movq %r12,%rsp
xorq %rbp,%rbp
leaveq
retq
// ... existing code ...
```",True,True
9,174,1741,False,ALL_PASS,True,True,1.0,1.0563,1.0563,1.0563,False,226,104,,"```assembly
// ... existing code ...
movq %rbp, %rsp
popq %rbx
popq %rbp
popq %rbp
popq %rbx
popq %rbp
popq %rbx
popq %r15
popq %r14
popq %r13
popq %r12
popq %rbx
popq %rbx
popq %r11
popq %r10
popq %r9
popq %r8
popq %rbx
popq %rbx
popq %r15
popq %r14
popq %r13
popq %r12
popq %rbx
popq %rbx
popq %rbp
popq %rbp
popq %rbp
popq %rbx
movq %r12,%rsp
xorq %rbp,%rbp
leaveq
retq
// ... existing code ...
```",True,True
10,45,1583,False,ALL_PASS,True,True,1.0,0.9832,0.9832,1.0,False,207,104,,"```assembly
// ... existing code ...
movq %rbx, %rsp
popq %rbx
popq %rbp
popq %r12
popq %rbx
popq %rbp
popq %rbp
popq %rbx
popq %r11
popq %r10
popq %r9
popq %r8
popq %rbx
popq %rbx
popq %r15
popq %r14
popq %r13
popq %r12
popq %rbx
popq %rbx
popq %r11
popq %r10
popq %r9
popq %r8
popq %rbx
popq %rbx
movq %r12,%rsp
xorq %rbp,%rbp
leaveq
retq
// ... existing code ...
```",True,True
11,66,1106,False,ALL_PASS,True,True,1.0,1.0017,1.0017,1.0017,False,202,103,,"```assembly
// ... existing code ...
movq %rbp, %rsp
popq %rbx
popq %rbp
popq %rbp
popq %rbx
popq %rbp
popq %rbx
popq %r15
popq %r14
popq %r13
popq %r12
popq %rbx
popq %rbx
popq %r11
popq %r10
popq %r9
popq %r8
popq %rbx
popq %rbx
popq %r15
popq %r14
popq %r13
popq %r12
popq %rbx
popq %rbx
movq %r12,%rsp
xorq %rbp,%rbp
leaveq
retq
// ... existing code ...
```",True,True
12,182,1680,False,ALL_PASS,True,True,1.0,1.0031,1.0031,1.0031,False,237,104,,"```assembly
// ... existing code ...
movq %rbp, %rsp
popq %rbx
popq %rbp
popq %r12
popq %r13
popq %r14
popq %r15
popq %r14
popq %r13
popq %r12
popq %rbx
popq %rbx
popq %r11
popq %r10
popq %r9
popq %r8
popq %rbx
popq %rbx
popq %r15
popq %r14
popq %r13
popq %r12
popq %rbx
popq %rbx
popq %r11
popq %r10
popq %r9
popq %r8
popq %rbx
popq %rbx
movq %r12,%rsp
xorq %rbp,%rbp
leaveq
retq
// ... existing code ...
```",True,True
13,165,1250,False,ALL_PASS,True,True,1.0,0.9855,0.9855,1.0,False,202,104,,"```assembly
// ... existing code ...
movq %rbp, %rsp
popq %rbx
popq %rbp
popq %rbp
popq %rbx
popq %rbp
popq %rbx
popq %r15
popq %r14
popq %r13
popq %r12
popq %rbx
popq %rbx
popq %r11
popq %r10
popq %r9
popq %r8
popq %rbx
popq %rbx
popq %r15
popq %r14
popq %r13
popq %r12
popq %rbx
popq %rbx
movq %r12,%rsp
xorq %rbp,%rbp
leaveq
retq
// ... existing code ...
```",True,True
14,78,1556,False,ALL_PASS,True,True,1.0,1.1021,1.1021,1.1021,False,231,104,,"```assembly
// ... existing code ...
movq %rbp, %rsp
popq %rbx
popq %r12
popq %r13
popq %r14
popq %r15
popq %r14
popq %r13
popq %r12
popq %rbx
popq %rbx
popq %r11
popq %r10
popq %r9
popq %r8
popq %rbx
popq %rbx
popq %r15
popq %r14
popq %r13
popq %r12
popq %rbx
popq %rbx
popq %r11
popq %r10
popq %r9
popq %r8
popq %rbx
popq %rbx
movq %r14,%rsp
xorq %rbp,%rbp
leaveq
retq
// ... existing code ...
```",True,True
15,186,2426,True,PROMPT_TOO_LONG,False,False,-1.0,,1.0,1.0,False,0,103,skipped: prompt exceeds max_prompt_length,,False,False
16,177,1034,False,ALL_PASS,True,True,1.0,0.9697,0.9697,1.0,False,202,102,,"```assembly
// ... existing code ...
movq %rbp, %rsp
popq %rbx
popq %rbp
popq %rbp
popq %rbx
popq %rbp
popq %rbx
popq %r15
popq %r14
popq %r13
popq %r12
popq %rbx
popq %rbx
popq %r11
popq %r10
popq %r9
popq %r8
popq %rbx
popq %rbx
popq %r15
popq %r14
popq %r13
popq %r12
popq %rbx
popq %rbx
movq %r12,%rsp
xorq %rbp,%rbp
leaveq
retq
// ... existing code ...
```",True,True
17,56,883,False,ALL_PASS,True,True,1.0,1.0296,1.0296,1.0296,False,202,104,,"```assembly
// ... existing code ...
movq %rbp, %rsp
popq %rbx
popq %rbp
popq %rbp
popq %rbx
popq %rbp
popq %rbx
popq %r15
popq %r14
popq %r13
popq %r12
popq %rbx
popq %rbx
popq %r11
popq %r10
popq %r9
popq %r8
popq %rbx
popq %rbx
popq %r15
popq %r14
popq %r13
popq %r12
popq %rbx
popq %rbx
movq %r12,%rsp
xorq %rbp,%rbp
leaveq
retq
// ... existing code ...
```",True,True
18,152,1332,False,ALL_PASS,True,True,1.0,1.2719,1.2719,1.2719,False,202,104,,"```assembly
// ... existing code ...
movq %rbp, %rsp
popq %rbx
popq %rbp
popq %rbp
popq %rbx
popq %rbp
popq %rbx
popq %r15
popq %r14
popq %r13
popq %r12
popq %rbx
popq %rbx
popq %r11
popq %r10
popq %r9
popq %r8
popq %rbx
popq %rbx
popq %r15
popq %r14
popq %r13
popq %r12
popq %rbx
popq %rbx
movq %r12,%rsp
xorq %rbp,%rbp
leaveq
retq
// ... existing code ...
```",True,True
19,82,1479,False,ALL_PASS,True,True,1.0,0.9599,0.9599,1.0,False,202,103,,"```assembly
// ... existing code ...
movq %rbp, %rsp
popq %rbx
popq %rbp
popq %rbp
popq %rbx
popq %rbp
popq %rbx
popq %r15
popq %r14
popq %r13
popq %r12
popq %rbx
popq %rbx
popq %r11
popq %r10
popq %r9
popq %r8
popq %rbx
popq %rbx
popq %r15
popq %r14
popq %r13
popq %r12
popq %rbx
popq %rbx
movq %r12,%rsp
xorq %rbp,%rbp
leaveq
retq
// ... existing code ...
```",True,True
20,68,983,False,ALL_PASS,True,True,1.0,0.9888,0.9888,1.0,False,202,104,,"```assembly
// ... existing code ...
movq %rbp, %rsp
popq %rbx
popq %rbp
popq %rbp
popq %rbx
popq %rbp
popq %rbx
popq %r15
popq %r14
popq %r13
popq %r12
popq %rbx
popq %rbx
popq %r11
popq %r10
popq %r9
popq %r8
popq %rbx
popq %rbx
popq %r15
popq %r14
popq %r13
popq %r12
popq %rbx
popq %rbx
movq %r12,%rsp
xorq %rbp,%rbp
leaveq
retq
// ... existing code ...
```",True,True
21,124,1321,False,ALL_PASS,True,True,1.0,1.0477,1.0477,1.0477,False,237,104,,"```assembly
// ... existing code ...
movq %rbp, %rsp
popq %rbx
popq %rbp
popq %r12
popq %r13
popq %r14
popq %r15
popq %r14
popq %r13
popq %r12
popq %rbx
popq %rbx
popq %r11
popq %r10
popq %r9
popq %r8
popq %rbx
popq %rbx
popq %r15
popq %r14
popq %r13
popq %r12
popq %rbx
popq %rbx
popq %r11
popq %r10
popq %r9
popq %r8
popq %rbx
popq %rbx
movq %r12,%rsp
xorq %rbp,%rbp
leaveq
retq
// ... existing code ...
```",True,True
22,16,1930,False,ALL_PASS,True,True,1.0,1.0182,1.0182,1.0182,False,237,102,,"```assembly
// ... existing code ...
movq %rbp, %rsp
popq %rbx
popq %rbp
popq %r12
popq %r13
popq %r14
popq %r15
popq %r14
popq %r13
popq %r12
popq %rbx
popq %rbx
popq %r11
popq %r10
popq %r9
popq %r8
popq %rbx
popq %rbx
popq %r15
popq %r14
popq %r13
popq %r12
popq %rbx
popq %rbx
popq %r11
popq %r10
popq %r9
popq %r8
popq %rbx
popq %rbx
movq %r12,%rsp
xorq %rbp,%rbp
leaveq
retq
// ... existing code ...
```",True,True
23,148,1268,False,ALL_PASS,True,True,1.0,0.9639,0.9639,1.0,False,202,105,,"```assembly
// ... existing code ...
movq %rbp, %rsp
popq %rbx
popq %rbp
popq %rbp
popq %rbx
popq %rbp
popq %rbx
popq %r15
popq %r14
popq %r13
popq %r12
popq %rbx
popq %rbx
popq %r11
popq %r10
popq %r9
popq %r8
popq %rbx
popq %rbx
popq %r15
popq %r14
popq %r13
popq %r12
popq %rbx
popq %rbx
movq %r12,%rsp
xorq %rbp,%rbp
leaveq
retq
// ... existing code ...
```",True,True
24,93,1481,False,ALL_PASS,True,True,1.0,1.0041,1.0041,1.0041,False,201,102,,"```assembly
// ... existing code ...
movq %rbx, %rsp
popq %rbx
popq %rbp
popq %r12
popq %rbx
popq %rbp
popq %rbp
popq %r11
popq %r10
popq %r9
popq %r8
popq %rbx
popq %rbx
popq %r15
popq %r14
popq %r13
popq %r12
popq %rbx
popq %rbx
popq %r11
popq %r10
popq %r9
popq %r8
popq %rbx
popq %rbx
movq %r12,%rsp
xorq %rbp,%rbp
leaveq
retq
// ... existing code ...
```",True,True
25,65,1456,False,ALL_PASS,True,True,1.0,0.9843,0.9843,1.0,False,237,102,,"```assembly
// ... existing code ...
movq %rbp, %rsp
popq %rbx
popq %rbp
popq %r12
popq %r13
popq %r14
popq %r15
popq %r14
popq %r13
popq %r12
popq %rbx
popq %rbx
popq %r11
popq %r10
popq %r9
popq %r8
popq %rbx
popq %rbx
popq %r15
popq %r14
popq %r13
popq %r12
popq %rbx
popq %rbx
popq %r11
popq %r10
popq %r9
popq %r8
popq %rbx
popq %rbx
movq %r12,%rsp
xorq %rbp,%rbp
leaveq
retq
// ... existing code ...
```",True,True
26,60,933,False,ALL_PASS,True,True,1.0,1.0403,1.0403,1.0403,False,202,104,,"```assembly
// ... existing code ...
movq %rbp, %rsp
popq %rbx
popq %rbp
popq %rbp
popq %rbx
popq %rbp
popq %rbx
popq %r15
popq %r14
popq %r13
popq %r12
popq %rbx
popq %rbx
popq %r11
popq %r10
popq %r9
popq %r8
popq %rbx
popq %rbx
popq %r15
popq %r14
popq %r13
popq %r12
popq %rbx
popq %rbx
movq %r12,%rsp
xorq %rbp,%rbp
leaveq
retq
// ... existing code ...
```",True,True
27,84,2007,True,PROMPT_TOO_LONG,False,False,-1.0,,1.0,1.0,False,0,103,skipped: prompt exceeds max_prompt_length,,False,False
28,67,2085,True,PROMPT_TOO_LONG,False,False,-1.0,,1.0,1.0,False,0,1,skipped: prompt exceeds max_prompt_length,,False,False
29,125,1948,False,ALL_PASS,True,True,1.0,1.007,1.007,1.007,False,213,105,,"```assembly
// ... existing code ...
movq %rbp, %rsp
popq %rbx
popq %rbp
popq %r12
popq %r11
popq %r10
popq %r9
popq %r8
popq %rbx
popq %rbx
popq %r15
popq %r14
popq %r13
popq %r12
popq %rbx
popq %rbx
popq %r11
popq %r10
popq %r9
popq %r8
popq %rbx
popq %rbx
popq %rbp
popq %rbp
popq %rbp
popq %rbx
popq %rbx
movq %r12,%rsp
xorq %rbp,%rbp
leaveq
retq
// ... existing code ...
```",True,True
30,132,895,False,ALL_PASS,True,True,1.0,1.0218,1.0218,1.0218,False,202,103,,"```assembly
// ... existing code ...
movq %rbp, %rsp
popq %rbx
popq %rbp
popq %rbp
popq %rbx
popq %rbp
popq %rbx
popq %r15
popq %r14
popq %r13
popq %r12
popq %rbx
popq %rbx
popq %r11
popq %r10
popq %r9
popq %r8
popq %rbx
popq %rbx
popq %r15
popq %r14
popq %r13
popq %r12
popq %rbx
popq %rbx
movq %r12,%rsp
xorq %rbp,%rbp
leaveq
retq
// ... existing code ...
```",True,True
31,9,2295,True,PROMPT_TOO_LONG,False,False,-1.0,,1.0,1.0,False,0,104,skipped: prompt exceeds max_prompt_length,,False,False
32,18,901,False,ALL_PASS,True,True,1.0,1.0401,1.0401,1.0401,False,202,103,,"```assembly
// ... existing code ...
movq %rbp, %rsp
popq %rbx
popq %rbp
popq %rbp
popq %rbx
popq %rbp
popq %rbx
popq %r15
popq %r14
popq %r13
popq %r12
popq %rbx
popq %rbx
popq %r11
popq %r10
popq %r9
popq %r8
popq %rbx
popq %rbx
popq %r15
popq %r14
popq %r13
popq %r12
popq %rbx
popq %rbx
movq %r12,%rsp
xorq %rbp,%rbp
leaveq
retq
// ... existing code ...
```",True,True
33,55,1805,False,ALL_PASS,True,True,1.0,0.9577,0.9577,1.0,False,223,104,,"```assembly
// ... existing code ...
movq %rbp, %rsp
popq %rbx
popq %rbp
popq %r12
popq %r13
popq %r14
popq %r15
popq %r14
popq %r13
popq %r12
popq %rbx
popq %rbp
popq %rbp
popq %rbp
popq %rbx
popq %rbx
popq %r11
popq %r10
popq %r9
popq %r8
popq %rbx
popq %rbx
popq %r15
popq %r14
popq %r13
popq %r12
popq %rbx
popq %rbx
movq %r12,%rsp
xorq %rbp,%rbp
leaveq
retq
// ... existing code ...
```",True,True
34,75,2188,True,PROMPT_TOO_LONG,False,False,-1.0,,1.0,1.0,False,0,103,skipped: prompt exceeds max_prompt_length,,False,False
35,150,1065,False,ALL_PASS,True,True,1.0,1.1406,1.1406,1.1406,False,190,103,,"```assembly
// ... existing code ...
movq %rbx, %rsp
popq %rbx
popq %rbp
popq %rbx
popq %rbx
popq %r15
popq %r14
popq %r13
popq %r12
popq %rbx
popq %rbx
popq %r11
popq %r10
popq %r9
popq %r8
popq %rbx
popq %rbx
popq %r15
popq %r14
popq %r13
popq %r12
popq %rbx
popq %rbx
movq %r12,%rsp
xorq %rbp,%rbp
leaveq
retq
// ... existing code ...
```",True,True
36,104,1017,False,ALL_PASS,True,True,1.0,0.9628,0.9628,1.0,False,202,104,,"```assembly
// ... existing code ...
movq %rbp, %rsp
popq %rbx
popq %rbp
popq %rbp
popq %rbx
popq %rbp
popq %rbx
popq %r15
popq %r14
popq %r13
popq %r12
popq %rbx
popq %rbx
popq %r11
popq %r10
popq %r9
popq %r8
popq %rbx
popq %rbx
popq %r15
popq %r14
popq %r13
popq %r12
popq %rbx
popq %rbx
movq %r12,%rsp
xorq %rbp,%rbp
leaveq
retq
// ... existing code ...
```",True,True
37,135,2242,True,PROMPT_TOO_LONG,False,False,-1.0,,1.0,1.0,False,0,103,skipped: prompt exceeds max_prompt_length,,False,False
38,137,2701,True,PROMPT_TOO_LONG,False,False,-1.0,,1.0,1.0,False,0,104,skipped: prompt exceeds max_prompt_length,,False,False
39,164,1840,False,ALL_PASS,True,True,1.0,1.0062,1.0062,1.0062,False,211,102,,"```assembly
// ... existing code ...
movq %rbx, %rsp
popq %rbx
popq %rbp
popq %r12
popq %r13
popq %r14
popq %r15
popq %r14
popq %r13
popq %r12
popq %rbx
popq %rbp
popq %rbp
popq %rbx
popq %r11
popq %r10
popq %r9
popq %r8
popq %rbx
popq %rbx
popq %r15
popq %r14
popq %r13
popq %r12
popq %rbx
popq %rbx
movq %r12,%rsp
xorq %rbp,%rbp
leaveq
retq
// ... existing code ...
```",True,True
40,76,2311,True,PROMPT_TOO_LONG,False,False,-1.0,,1.0,1.0,False,0,103,skipped: prompt exceeds max_prompt_length,,False,False
41,79,1777,False,ALL_PASS,True,True,1.0,0.9777,0.9777,1.0,False,213,103,,"```assembly
// ... existing code ...
movq %rbx, %rsp
popq %rbx
popq %rbp
popq %r12
popq %r11
popq %r10
popq %r9
popq %r8
popq %rbx
popq %rbx
popq %r15
popq %r14
popq %r13
popq %r12
popq %rbx
popq %rbx
popq %r11
popq %r10
popq %r9
popq %r8
popq %rbx
popq %rbx
popq %rbp
popq %rbp
popq %rbp
popq %rbx
popq %rbx
movq %r12,%rsp
xorq %rbp,%rbp
leaveq
retq
// ... existing code ...
```",True,True
42,197,2502,True,PROMPT_TOO_LONG,False,False,-1.0,,1.0,1.0,False,0,103,skipped: prompt exceeds max_prompt_length,,False,False
43,38,917,False,ALL_PASS,True,True,1.0,0.8758,0.8758,1.0,False,202,1,,"```assembly
// ... existing code ...
movq %rbp, %rsp
popq %rbx
popq %rbp
popq %rbp
popq %rbx
popq %rbp
popq %rbx
popq %r15
popq %r14
popq %r13
popq %r12
popq %rbx
popq %rbx
popq %r11
popq %r10
popq %r9
popq %r8
popq %rbx
popq %rbx
popq %r15
popq %r14
popq %r13
popq %r12
popq %rbx
popq %rbx
movq %r12,%rsp
xorq %rbp,%rbp
leaveq
retq
// ... existing code ...
```",True,True
44,24,1663,False,ALL_PASS,True,True,1.0,1.0188,1.0188,1.0188,False,217,105,,"```assembly
// ... existing code ...
movq %rbp, %rsp
popq %rbx
popq %rbp
popq %r12
popq %r13
popq %r14
popq %r15
popq %r14
popq %r13
popq %r12
popq %rbx
popq %rbp
popq %rbp
popq %rbp
popq %rbx
popq %r11
popq %r10
popq %r9
popq %r8
popq %rbx
popq %rbx
popq %r15
popq %r14
popq %r13
popq %r12
popq %rbx
popq %rbx
movq %r12,%rsp
xorq %rbp,%rbp
leaveq
retq
// ... existing code ...
```",True,True
45,122,1327,False,ALL_PASS,True,True,1.0,1.0038,1.0038,1.0038,False,237,102,,"```assembly
// ... existing code ...
movq %rbp, %rsp
popq %rbx
popq %rbp
popq %r12
popq %r13
popq %r14
popq %r15
popq %r14
popq %r13
popq %r12
popq %rbx
popq %rbx
popq %r11
popq %r10
popq %r9
popq %r8
popq %rbx
popq %rbx
popq %r15
popq %r14
popq %r13
popq %r12
popq %rbx
popq %rbx
popq %r11
popq %r10
popq %r9
popq %r8
popq %rbx
popq %rbx
movq %r12,%rsp
xorq %rbp,%rbp
leaveq
retq
// ... existing code ...
```",True,True
46,195,1926,False,ALL_PASS,True,True,1.0,1.0311,1.0311,1.0311,False,213,104,,"```assembly
// ... existing code ...
movq %rbx, %rsp
popq %rbx
popq %rbp
popq %r12
popq %r11
popq %r10
popq %r9
popq %r8
popq %rbx
popq %rbx
popq %r15
popq %r14
popq %r13
popq %r12
popq %rbx
popq %rbx
popq %r11
popq %r10
popq %r9
popq %r8
popq %rbx
popq %rbx
popq %rbp
popq %rbp
popq %rbp
popq %rbx
popq %rbx
movq %r12,%rsp
xorq %rbp,%rbp
leaveq
retq
// ... existing code ...
```",True,True
47,29,1874,False,ALL_PASS,True,True,1.0,0.9981,0.9981,1.0,False,207,102,,"```assembly
// ... existing code ...
movq %rbp, %rsp
popq %rbx
popq %rbp
popq %r12
popq %rbx
popq %rbp
popq %rbp
popq %rbx
popq %r11
popq %r10
popq %r9
popq %r8
popq %rbx
popq %rbx
popq %r15
popq %r14
popq %r13
popq %r12
popq %rbx
popq %rbx
popq %r11
popq %r10
popq %r9
popq %r8
popq %rbx
popq %rbx
movq %r12,%rsp
xorq %rbp,%rbp
leaveq
retq
// ... existing code ...
```",True,True
48,19,2606,True,PROMPT_TOO_LONG,False,False,-1.0,,1.0,1.0,False,0,1,skipped: prompt exceeds max_prompt_length,,False,False
49,143,1455,False,ALL_PASS,True,True,1.0,1.0007,1.0007,1.0007,False,202,104,,"```assembly
// ... existing code ...
movq %rbp, %rsp
popq %rbx
popq %rbp
popq %rbp
popq %rbx
popq %rbp
popq %rbx
popq %r15
popq %r14
popq %r13
popq %r12
popq %rbx
popq %rbx
popq %r11
popq %r10
popq %r9
popq %r8
popq %rbx
popq %rbx
popq %r15
popq %r14
popq %r13
popq %r12
popq %rbx
popq %rbx
movq %r12,%rsp
xorq %rbp,%rbp
leaveq
retq
// ... existing code ...
```",True,True
50,86,1065,False,ALL_PASS,True,True,1.0,1.0598,1.0598,1.0598,False,220,1,,"```assembly
// ... existing code ...
movq %rbp, %rsp
popq %rbx
popq %rbp
popq %rbx
popq %rbp
popq %rbx
popq %r15
popq %r14
popq %r13
popq %r12
popq %rbx
popq %rbx
popq %r11
popq %r10
popq %r9
popq %r8
popq %rbx
popq %rbx
popq %r15
popq %r14
popq %r13
popq %r12
popq %rbx
popq %rbx
popq %rbp
popq %rbp
popq %rbp
popq %rbx
movq %r12,%rsp
xorq %rbp,%rbp
leaveq
retq
// ... existing code ...
```",True,True
51,114,814,False,ALL_PASS,True,True,1.0,0.9993,0.9993,1.0,False,202,103,,"```assembly
// ... existing code ...
movq %rbp, %rsp
popq %rbx
popq %rbp
popq %rbp
popq %rbx
popq %rbp
popq %rbx
popq %r15
popq %r14
popq %r13
popq %r12
popq %rbx
popq %rbx
popq %r11
popq %r10
popq %r9
popq %r8
popq %rbx
popq %rbx
popq %r15
popq %r14
popq %r13
popq %r12
popq %rbx
popq %rbx
movq %r12,%rsp
xorq %rbp,%rbp
leaveq
retq
// ... existing code ...
```",True,True
52,173,1550,False,ALL_PASS,True,True,1.0,0.9928,0.9928,1.0,False,207,104,,"```assembly
// ... existing code ...
movq %rbx, %rsp
popq %rbx
popq %rbp
popq %r12
popq %rbx
popq %rbp
popq %rbp
popq %rbx
popq %r11
popq %r10
popq %r9
popq %r8
popq %rbx
popq %rbx
popq %r15
popq %r14
popq %r13
popq %r12
popq %rbx
popq %rbx
popq %r11
popq %r10
popq %r9
popq %r8
popq %rbx
popq %rbx
movq %r12,%rsp
xorq %rbp,%rbp
leaveq
retq
// ... existing code ...
```",True,True
53,5,1777,False,ALL_PASS,True,True,1.0,1.0065,1.0065,1.0065,False,207,103,,"```assembly
// ... existing code ...
movq %rbx, %rsp
popq %rbx
popq %rbp
popq %r12
popq %rbx
popq %rbp
popq %rbp
popq %rbx
popq %r11
popq %r10
popq %r9
popq %r8
popq %rbx
popq %rbx
popq %r15
popq %r14
popq %r13
popq %r12
popq %rbx
popq %rbx
popq %r11
popq %r10
popq %r9
popq %r8
popq %rbx
popq %rbx
movq %r12,%rsp
xorq %rbp,%rbp
leaveq
retq
// ... existing code ...
```",True,True
54,126,1339,False,ALL_PASS,True,True,1.0,1.0059,1.0059,1.0059,False,202,103,,"```assembly
// ... existing code ...
movq %rbp, %rsp
popq %rbx
popq %rbp
popq %rbp
popq %rbx
popq %rbp
popq %rbx
popq %r15
popq %r14
popq %r13
popq %r12
popq %rbx
popq %rbx
popq %r11
popq %r10
popq %r9
popq %r8
popq %rbx
popq %rbx
popq %r15
popq %r14
popq %r13
popq %r12
popq %rbx
popq %rbx
movq %r12,%rsp
xorq %rbp,%rbp
leaveq
retq
// ... existing code ...
```",True,True
55,117,1755,False,ALL_PASS,True,True,1.0,1.0125,1.0125,1.0125,False,223,102,,"```assembly
// ... existing code ...
movq %rbp, %rsp
popq %rbx
popq %rbp
popq %r12
popq %r13
popq %r14
popq %r15
popq %r14
popq %r13
popq %r12
popq %rbx
popq %rbp
popq %rbp
popq %rbp
popq %rbx
popq %rbx
popq %r11
popq %r10
popq %r9
popq %r8
popq %rbx
popq %rbx
popq %r15
popq %r14
popq %r13
popq %r12
popq %rbx
popq %rbx
movq %r12,%rsp
xorq %rbp,%rbp
leaveq
retq
// ... existing code ...
```",True,True
56,73,2424,True,PROMPT_TOO_LONG,False,False,-1.0,,1.0,1.0,False,0,104,skipped: prompt exceeds max_prompt_length,,False,False
57,140,1735,False,ALL_PASS,True,True,1.0,0.9889,0.9889,1.0,False,217,106,,"```assembly
// ... existing code ...
movq %rbp, %rsp
popq %rbx
popq %r12
popq %r13
popq %r14
popq %r15
popq %r14
popq %r13
popq %r12
popq %rbx
popq %rbp
popq %rbp
popq %rbp
popq %rbx
popq %rbx
popq %r11
popq %r10
popq %r9
popq %r8
popq %rbx
popq %rbx
popq %r15
popq %r14
popq %r13
popq %r12
popq %rbx
popq %rbx
movq %r12,%rsp
xorq %rbp,%rbp
leaveq
retq
// ... existing code ...
```",True,True
58,98,1029,False,ALL_PASS,True,True,1.0,1.0637,1.0637,1.0637,False,202,103,,"```assembly
// ... existing code ...
movq %rbp, %rsp
popq %rbx
popq %rbp
popq %rbp
popq %rbx
popq %rbp
popq %rbx
popq %r15
popq %r14
popq %r13
popq %r12
popq %rbx
popq %rbx
popq %r11
popq %r10
popq %r9
popq %r8
popq %rbx
popq %rbx
popq %r15
popq %r14
popq %r13
popq %r12
popq %rbx
popq %rbx
movq %r12,%rsp
xorq %rbp,%rbp
leaveq
retq
// ... existing code ...
```",True,True
59,172,976,False,ALL_PASS,True,True,1.0,0.994,0.994,1.0,False,202,103,,"```assembly
// ... existing code ...
movq %rbp, %rsp
popq %rbx
popq %rbp
popq %rbp
popq %rbx
popq %rbp
popq %rbx
popq %r15
popq %r14
popq %r13
popq %r12
popq %rbx
popq %rbx
popq %r11
popq %r10
popq %r9
popq %r8
popq %rbx
popq %rbx
popq %r15
popq %r14
popq %r13
popq %r12
popq %rbx
popq %rbx
movq %r12,%rsp
xorq %rbp,%rbp
leaveq
retq
// ... existing code ...
```",True,True
60,96,2056,True,PROMPT_TOO_LONG,False,False,-1.0,,1.0,1.0,False,0,104,skipped: prompt exceeds max_prompt_length,,False,False
61,169,997,False,ALL_PASS,True,True,1.0,1.001,1.001,1.001,False,202,104,,"```assembly
// ... existing code ...
movq %rbp, %rsp
popq %rbx
popq %rbp
popq %rbp
popq %rbx
popq %rbp
popq %rbx
popq %r15
popq %r14
popq %r13
popq %r12
popq %rbx
popq %rbx
popq %r11
popq %r10
popq %r9
popq %r8
popq %rbx
popq %rbx
popq %r15
popq %r14
popq %r13
popq %r12
popq %rbx
popq %rbx
movq %r12,%rsp
xorq %rbp,%rbp
leaveq
retq
// ... existing code ...
```",True,True
62,97,1188,False,ALL_PASS,True,True,1.0,1.0987,1.0987,1.0987,False,190,102,,"```assembly
// ... existing code ...
movq %rbx, %rsp
popq %rbx
popq %rbp
popq %rbx
popq %rbx
popq %r15
popq %r14
popq %r13
popq %r12
popq %rbx
popq %rbx
popq %r11
popq %r10
popq %r9
popq %r8
popq %rbx
popq %rbx
popq %r15
popq %r14
popq %r13
popq %r12
popq %rbx
popq %rbx
movq %r12,%rsp
xorq %rbp,%rbp
leaveq
retq
// ... existing code ...
```",True,True
63,31,1099,False,ALL_PASS,True,True,1.0,1.0101,1.0101,1.0101,False,226,104,,"```assembly
// ... existing code ...
movq %rbp, %rsp
popq %rbx
popq %rbp
popq %rbp
popq %rbx
popq %rbp
popq %rbx
popq %r15
popq %r14
popq %r13
popq %r12
popq %rbx
popq %rbx
popq %r11
popq %r10
popq %r9
popq %r8
popq %rbx
popq %rbx
popq %r15
popq %r14
popq %r13
popq %r12
popq %rbx
popq %rbx
popq %rbp
popq %rbp
popq %rbp
popq %rbx
movq %r12,%rsp
xorq %rbp,%rbp
leaveq
retq
// ... existing code ...
```",True,True
64,12,764,False,ALL_PASS,True,True,1.0,0.9852,0.9852,1.0,False,202,103,,"```assembly
// ... existing code ...
movq %rbp, %rsp
popq %rbx
popq %rbp
popq %rbp
popq %rbx
popq %rbp
popq %rbx
popq %r15
popq %r14
popq %r13
popq %r12
popq %rbx
popq %rbx
popq %r11
popq %r10
popq %r9
popq %r8
popq %rbx
popq %rbx
popq %r15
popq %r14
popq %r13
popq %r12
popq %rbx
popq %rbx
movq %r12,%rsp
xorq %rbp,%rbp
leaveq
retq
// ... existing code ...
```",True,True
65,35,878,False,ALL_PASS,True,True,1.0,0.9444,0.9444,1.0,False,202,105,,"```assembly
// ... existing code ...
movq %rbp, %rsp
popq %rbx
popq %rbp
popq %rbp
popq %rbx
popq %rbp
popq %rbx
popq %r15
popq %r14
popq %r13
popq %r12
popq %rbx
popq %rbx
popq %r11
popq %r10
popq %r9
popq %r8
popq %rbx
popq %rbx
popq %r15
popq %r14
popq %r13
popq %r12
popq %rbx
popq %rbx
movq %r12,%rsp
xorq %rbp,%rbp
leaveq
retq
// ... existing code ...
```",True,True
66,119,1786,False,ALL_PASS,True,True,1.0,0.9751,0.9751,1.0,False,225,103,,"```assembly
// ... existing code ...
movq %rbp, %rsp
popq %rbx
popq %rbp
popq %r12
popq %rbx
popq %rbp
popq %rbp
popq %r11
popq %r10
popq %r9
popq %r8
popq %rbx
popq %rbx
popq %r15
popq %r14
popq %r13
popq %r12
popq %rbx
popq %rbx
popq %r11
popq %r10
popq %r9
popq %r8
popq %rbx
popq %rbx
popq %rbp
popq %rbp
popq %rbp
popq %rbx
movq %r12,%rsp
xorq %rbp,%rbp
leaveq
retq
// ... existing code ...
```",True,True
67,42,2306,True,PROMPT_TOO_LONG,False,False,-1.0,,1.0,1.0,False,0,104,skipped: prompt exceeds max_prompt_length,,False,False
68,189,900,False,ALL_PASS,True,True,1.0,0.9478,0.9478,1.0,False,202,1,,"```assembly
// ... existing code ...
movq %rbp, %rsp
popq %rbx
popq %rbp
popq %rbp
popq %rbx
popq %rbp
popq %rbx
popq %r15
popq %r14
popq %r13
popq %r12
popq %rbx
popq %rbx
popq %r11
popq %r10
popq %r9
popq %r8
popq %rbx
popq %rbx
popq %r15
popq %r14
popq %r13
popq %r12
popq %rbx
popq %rbx
movq %r12,%rsp
xorq %rbp,%rbp
leaveq
retq
// ... existing code ...
```",True,True
69,90,1592,False,ALL_PASS,True,True,1.0,1.0348,1.0348,1.0348,False,231,102,,"```assembly
// ... existing code ...
movq %rbp, %rsp
popq %rbx
popq %r12
popq %r13
popq %r14
popq %r15
popq %r14
popq %r13
popq %r12
popq %rbx
popq %rbx
popq %r11
popq %r10
popq %r9
popq %r8
popq %rbx
popq %rbx
popq %r15
popq %r14
popq %r13
popq %r12
popq %rbx
popq %rbx
popq %r11
popq %r10
popq %r9
popq %r8
popq %rbx
popq %rbx
movq %r12,%rsp
xorq %rbp,%rbp
leaveq
retq
// ... existing code ...
```",True,True
70,136,833,False,ALL_PASS,True,True,1.0,1.0543,1.0543,1.0543,False,202,104,,"```assembly
// ... existing code ...
movq %rbp, %rsp
popq %rbx
popq %rbp
popq %rbp
popq %rbx
popq %rbp
popq %rbx
popq %r15
popq %r14
popq %r13
popq %r12
popq %rbx
popq %rbx
popq %r11
popq %r10
popq %r9
popq %r8
popq %rbx
popq %rbx
popq %r15
popq %r14
popq %r13
popq %r12
popq %rbx
popq %rbx
movq %r12,%rsp
xorq %rbp,%rbp
leaveq
retq
// ... existing code ...
```",True,True
71,51,1962,False,ALL_PASS,True,True,1.0,0.9744,0.9744,1.0,False,201,102,,"```assembly
// ... existing code ...
movq %rbp, %rsp
popq %rbx
popq %rbp
popq %r12
popq %rbx
popq %rbp
popq %rbp
popq %r11
popq %r10
popq %r9
popq %r8
popq %rbx
popq %rbx
popq %r15
popq %r14
popq %r13
popq %r12
popq %rbx
popq %rbx
popq %r11
popq %r10
popq %r9
popq %r8
popq %rbx
popq %rbx
movq %r12,%rsp
xorq %rbp,%rbp
leaveq
retq
// ... existing code ...
```",True,True
72,127,2131,True,PROMPT_TOO_LONG,False,False,-1.0,,1.0,1.0,False,0,104,skipped: prompt exceeds max_prompt_length,,False,False
73,162,1309,False,ALL_PASS,True,True,1.0,1.01,1.01,1.01,False,202,90,,"```assembly
// ... existing code ...
movq %rbp, %rsp
popq %rbx
popq %rbp
popq %rbp
popq %rbx
popq %rbp
popq %rbx
popq %r15
popq %r14
popq %r13
popq %r12
popq %rbx
popq %rbx
popq %r11
popq %r10
popq %r9
popq %r8
popq %rbx
popq %rbx
popq %r15
popq %r14
popq %r13
popq %r12
popq %rbx
popq %rbx
movq %r12,%rsp
xorq %rbp,%rbp
leaveq
retq
// ... existing code ...
```",True,True
74,41,1806,False,ALL_PASS,True,True,1.0,0.9787,0.9787,1.0,False,231,1,,"```assembly
// ... existing code ...
movq %rbp, %rsp
popq %rbx
popq %r12
popq %r13
popq %r14
popq %r15
popq %r14
popq %r13
popq %r12
popq %rbx
popq %rbx
popq %r11
popq %r10
popq %r9
popq %r8
popq %rbx
popq %rbx
popq %r15
popq %r14
popq %r13
popq %r12
popq %rbx
popq %rbx
popq %r11
popq %r10
popq %r9
popq %r8
popq %rbx
popq %rbx
movq %r12,%rsp
xorq %rbp,%rbp
leaveq
retq
// ... existing code ...
```",True,True
75,118,1986,False,ALL_PASS,True,True,1.0,1.0087,1.0087,1.0087,False,199,104,,"```assembly
// ... existing code ...
movq %rbx, %rsp
popq %rbx
popq %rbp
popq %r12
popq %r13
popq %r14
popq %r15
popq %r14
popq %r13
popq %r12
popq %rbx
popq %rbx
popq %r11
popq %r10
popq %r9
popq %r8
popq %rbx
popq %rbx
popq %r15
popq %r14
popq %r13
popq %r12
popq %rbx
popq %rbx
movq %r12,%rsp
xorq %rbp,%rbp
leaveq
retq
// ... existing code ...
```",True,True
76,113,1256,False,ALL_PASS,True,True,1.0,1.0465,1.0465,1.0465,False,196,102,,"```assembly
// ... existing code ...
movq %rbx, %rsp
popq %rbx
popq %rbp
popq %rbx
popq %rbp
popq %rbx
popq %r15
popq %r14
popq %r13
popq %r12
popq %rbx
popq %rbx
popq %r11
popq %r10
popq %r9
popq %r8
popq %rbx
popq %rbx
popq %r15
popq %r14
popq %r13
popq %r12
popq %rbx
popq %rbx
movq %r12,%rsp
xorq %rbp,%rbp
leaveq
retq
// ... existing code ...
```",True,True
77,26,2218,True,PROMPT_TOO_LONG,False,False,-1.0,,1.0,1.0,False,0,103,skipped: prompt exceeds max_prompt_length,,False,False
78,139,861,False,ALL_PASS,True,True,1.0,0.9946,0.9946,1.0,False,202,103,,"```assembly
// ... existing code ...
movq %rbp, %rsp
popq %rbx
popq %rbp
popq %rbp
popq %rbx
popq %rbp
popq %rbx
popq %r15
popq %r14
popq %r13
popq %r12
popq %rbx
popq %rbx
popq %r11
popq %r10
popq %r9
popq %r8
popq %rbx
popq %rbx
popq %r15
popq %r14
popq %r13
popq %r12
popq %rbx
popq %rbx
movq %r12,%rsp
xorq %rbp,%rbp
leaveq
retq
// ... existing code ...
```",True,True
79,100,1054,False,ALL_PASS,True,True,1.0,1.0028,1.0028,1.0028,False,202,103,,"```assembly
// ... existing code ...
movq %rbp, %rsp
popq %rbx
popq %rbp
popq %rbp
popq %rbx
popq %rbp
popq %rbx
popq %r15
popq %r14
popq %r13
popq %r12
popq %rbx
popq %rbx
popq %r11
popq %r10
popq %r9
popq %r8
popq %rbx
popq %rbx
popq %r15
popq %r14
popq %r13
popq %r12
popq %rbx
popq %rbx
movq %r12,%rsp
xorq %rbp,%rbp
leaveq
retq
// ... existing code ...
```",True,True
80,111,1771,False,ALL_PASS,True,True,1.0,0.9969,0.9969,1.0,False,225,61,,"```assembly
// ... existing code ...
movq %rbp, %rsp
popq %rbx
popq %rbp
popq %r12
popq %rbx
popq %rbp
popq %rbp
popq %r11
popq %r10
popq %r9
popq %r8
popq %rbx
popq %rbx
popq %r15
popq %r14
popq %r13
popq %r12
popq %rbx
popq %rbx
popq %r11
popq %r10
popq %r9
popq %r8
popq %rbx
popq %rbx
popq %rbp
popq %rbp
popq %rbp
popq %rbx
movq %r12,%rsp
xorq %rbp,%rbp
leaveq
retq
// ... existing code ...
```",True,True
81,2,1354,False,ALL_PASS,True,True,1.0,0.9768,0.9768,1.0,False,202,104,,"```assembly
// ... existing code ...
movq %rbp, %rsp
popq %rbx
popq %rbp
popq %rbp
popq %rbx
popq %rbp
popq %rbx
popq %r15
popq %r14
popq %r13
popq %r12
popq %rbx
popq %rbx
popq %r11
popq %r10
popq %r9
popq %r8
popq %rbx
popq %rbx
popq %r15
popq %r14
popq %r13
popq %r12
popq %rbx
popq %rbx
movq %r12,%rsp
xorq %rbp,%rbp
leaveq
retq
// ... existing code ...
```",True,True
82,77,2034,True,PROMPT_TOO_LONG,False,False,-1.0,,1.0,1.0,False,0,103,skipped: prompt exceeds max_prompt_length,,False,False
83,46,1561,False,ALL_PASS,True,True,1.0,0.9878,0.9878,1.0,False,214,103,,"```assembly
// ... existing code ...
movq %rbp, %rsp
popq %rbx
popq %rbp
popq %rbp
popq %rbx
popq %r15
popq %r14
popq %r13
popq %r12
popq %rbx
popq %rbx
popq %r11
popq %r10
popq %r9
popq %r8
popq %rbx
popq %rbx
popq %r15
popq %r14
popq %r13
popq %r12
popq %rbx
popq %rbx
popq %rbp
popq %rbp
popq %rbp
popq %rbx
movq %r12,%rsp
xorq %rbp,%rbp
leaveq
retq
// ... existing code ...
```",True,True
84,187,783,False,ALL_PASS,True,True,1.0,1.4407,1.4407,1.4407,False,202,102,,"```assembly
// ... existing code ...
movq %rbp, %rsp
popq %rbx
popq %rbp
popq %rbp
popq %rbx
popq %rbp
popq %rbx
popq %r15
popq %r14
popq %r13
popq %r12
popq %rbx
popq %rbx
popq %r11
popq %r10
popq %r9
popq %r8
popq %rbx
popq %rbx
popq %r15
popq %r14
popq %r13
popq %r12
popq %rbx
popq %rbx
movq %r12,%rsp
xorq %rbp,%rbp
leaveq
retq
// ... existing code ...
```",True,True
85,191,853,False,ALL_PASS,True,True,1.0,1.4178,1.4178,1.4178,False,202,103,,"```assembly
// ... existing code ...
movq %rbp, %rsp
popq %rbx
popq %rbp
popq %rbp
popq %rbx
popq %rbp
popq %rbx
popq %r15
popq %r14
popq %r13
popq %r12
popq %rbx
popq %rbx
popq %r11
popq %r10
popq %r9
popq %r8
popq %rbx
popq %rbx
popq %r15
popq %r14
popq %r13
popq %r12
popq %rbx
popq %rbx
movq %r12,%rsp
xorq %rbp,%rbp
leaveq
retq
// ... existing code ...
```",True,True
86,85,1464,False,ALL_PASS,True,True,1.0,0.9902,0.9902,1.0,False,220,102,,"```assembly
// ... existing code ...
movq %rbx, %rsp
popq %rbx
popq %rbp
popq %rbx
popq %rbp
popq %rbx
popq %r15
popq %r14
popq %r13
popq %r12
popq %rbx
popq %rbx
popq %r11
popq %r10
popq %r9
popq %r8
popq %rbx
popq %rbx
popq %r15
popq %r14
popq %r13
popq %r12
popq %rbx
popq %rbx
popq %rbp
popq %rbp
popq %rbp
popq %rbx
movq %r12,%rsp
xorq %rbp,%rbp
leaveq
retq
// ... existing code ...
```",True,True
87,161,979,False,ALL_PASS,True,True,1.0,0.8318,0.8318,1.0,False,220,1,,"```assembly
// ... existing code ...
movq %rbp, %rsp
popq %rbx
popq %rbp
popq %rbx
popq %rbp
popq %rbx
popq %r15
popq %r14
popq %r13
popq %r12
popq %rbx
popq %rbx
popq %r11
popq %r10
popq %r9
popq %r8
popq %rbx
popq %rbx
popq %r15
popq %r14
popq %r13
popq %r12
popq %rbx
popq %rbx
popq %rbp
popq %rbp
popq %rbp
popq %rbx
movq %r12,%rsp
xorq %rbp,%rbp
leaveq
retq
// ... existing code ...
```",True,True
88,36,1054,False,ALL_PASS,True,True,1.0,0.9326,0.9326,1.0,False,202,104,,"```assembly
// ... existing code ...
movq %rbp, %rsp
popq %rbx
popq %rbp
popq %rbp
popq %rbx
popq %rbp
popq %rbx
popq %r15
popq %r14
popq %r13
popq %r12
popq %rbx
popq %rbx
popq %r11
popq %r10
popq %r9
popq %r8
popq %rbx
popq %rbx
popq %r15
popq %r14
popq %r13
popq %r12
popq %rbx
popq %rbx
movq %r12,%rsp
xorq %rbp,%rbp
leaveq
retq
// ... existing code ...
```",True,True
89,190,1794,False,ALL_PASS,True,True,1.0,0.9873,0.9873,1.0,False,211,106,,"```assembly
// ... existing code ...
movq %rbp, %rsp
popq %rbx
popq %r12
popq %r13
popq %r14
popq %r15
popq %r14
popq %r13
popq %r12
popq %rbx
popq %rbp
popq %rbp
popq %rbp
popq %rbx
popq %r11
popq %r10
popq %r9
popq %r8
popq %rbx
popq %rbx
popq %r15
popq %r14
popq %r13
popq %r12
popq %rbx
popq %rbx
movq %r12,%rsp
xorq %rbp,%rbp
leaveq
retq
// ... existing code ...
```",True,True
90,61,1293,False,ALL_PASS,True,True,1.0,1.026,1.026,1.026,False,207,105,,"```assembly
// ... existing code ...
movq %rbx, %rsp
popq %rbx
popq %rbp
popq %r12
popq %rbx
popq %rbp
popq %rbp
popq %rbx
popq %r11
popq %r10
popq %r9
popq %r8
popq %rbx
popq %rbx
popq %r15
popq %r14
popq %r13
popq %r12
popq %rbx
popq %rbx
popq %r11
popq %r10
popq %r9
popq %r8
popq %rbx
popq %rbx
movq %r12,%rsp
xorq %rbp,%rbp
leaveq
retq
// ... existing code ...
```",True,True
91,22,896,False,ALL_PASS,True,True,1.0,1.0056,1.0056,1.0056,False,202,104,,"```assembly
// ... existing code ...
movq %rbp, %rsp
popq %rbx
popq %rbp
popq %rbp
popq %rbx
popq %rbp
popq %rbx
popq %r15
popq %r14
popq %r13
popq %r12
popq %rbx
popq %rbx
popq %r11
popq %r10
popq %r9
popq %r8
popq %rbx
popq %rbx
popq %r15
popq %r14
popq %r13
popq %r12
popq %rbx
popq %rbx
movq %r12,%rsp
xorq %rbp,%rbp
leaveq
retq
// ... existing code ...
```",True,True
92,141,2308,True,PROMPT_TOO_LONG,False,False,-1.0,,1.0,1.0,False,0,104,skipped: prompt exceeds max_prompt_length,,False,False
93,101,1192,False,ALL_PASS,True,True,1.0,0.9695,0.9695,1.0,False,226,104,,"```assembly
// ... existing code ...
movq %rbp, %rsp
popq %rbx
popq %rbp
popq %rbp
popq %rbx
popq %rbp
popq %rbx
popq %r15
popq %r14
popq %r13
popq %r12
popq %rbx
popq %rbx
popq %r11
popq %r10
popq %r9
popq %r8
popq %rbx
popq %rbx
popq %r15
popq %r14
popq %r13
popq %r12
popq %rbx
popq %rbx
popq %rbp
popq %rbp
popq %rbp
popq %rbx
movq %r12,%rsp
xorq %rbp,%rbp
leaveq
retq
// ... existing code ...
```",True,True
94,33,2244,True,PROMPT_TOO_LONG,False,False,-1.0,,1.0,1.0,False,0,104,skipped: prompt exceeds max_prompt_length,,False,False
95,11,1194,False,ALL_PASS,True,True,1.0,1.0229,1.0229,1.0229,False,202,104,,"```assembly
// ... existing code ...
movq %rbp, %rsp
popq %rbx
popq %rbp
popq %rbp
popq %rbx
popq %rbp
popq %rbx
popq %r15
popq %r14
popq %r13
popq %r12
popq %rbx
popq %rbx
popq %r11
popq %r10
popq %r9
popq %r8
popq %rbx
popq %rbx
popq %r15
popq %r14
popq %r13
popq %r12
popq %rbx
popq %rbx
movq %r12,%rsp
xorq %rbp,%rbp
leaveq
retq
// ... existing code ...
```",True,True
96,194,1100,False,ALL_PASS,True,True,1.0,0.9889,0.9889,1.0,False,213,102,,"```assembly
// ... existing code ...
movq %rbp, %rsp
popq %rbx
popq %rbp
popq %r12
popq %r11
popq %r10
popq %r9
popq %r8
popq %rbx
popq %rbx
popq %r15
popq %r14
popq %r13
popq %r12
popq %rbx
popq %rbx
popq %r11
popq %r10
popq %r9
popq %r8
popq %rbx
popq %rbx
popq %rbp
popq %rbp
popq %rbp
popq %rbx
popq %rbx
movq %r12,%rsp
xorq %rbp,%rbp
leaveq
retq
// ... existing code ...
```",True,True
97,159,920,False,ALL_PASS,True,True,1.0,1.0634,1.0634,1.0634,False,202,1,,"```assembly
// ... existing code ...
movq %rbp, %rsp
popq %rbx
popq %rbp
popq %rbp
popq %rbx
popq %rbp
popq %rbx
popq %r15
popq %r14
popq %r13
popq %r12
popq %rbx
popq %rbx
popq %r11
popq %r10
popq %r9
popq %r8
popq %rbx
popq %rbx
popq %r15
popq %r14
popq %r13
popq %r12
popq %rbx
popq %rbx
movq %r12,%rsp
xorq %rbp,%rbp
leaveq
retq
// ... existing code ...
```",True,True
98,6,2056,True,PROMPT_TOO_LONG,False,False,-1.0,,1.0,1.0,False,0,103,skipped: prompt exceeds max_prompt_length,,False,False
99,27,1352,False,ALL_PASS,True,True,1.0,0.9588,0.9588,1.0,False,226,103,,"```assembly
// ... existing code ...
movq %rbp, %rsp
popq %rbx
popq %rbp
popq %rbp
popq %rbx
popq %rbp
popq %rbx
popq %r15
popq %r14
popq %r13
popq %r12
popq %rbx
popq %rbx
popq %r11
popq %r10
popq %r9
popq %r8
popq %rbx
popq %rbx
popq %r15
popq %r14
popq %r13
popq %r12
popq %rbx
popq %rbx
popq %rbp
popq %rbp
popq %rbp
popq %rbx
movq %r12,%rsp
xorq %rbp,%rbp
leaveq
retq
// ... existing code ...
```",True,True
100,120,1464,False,ALL_PASS,True,True,1.0,0.9934,0.9934,1.0,False,217,102,,"```assembly
// ... existing code ...
movq %rbp, %rsp
popq %rbx
popq %rbp
popq %r12
popq %r13
popq %r14
popq %r15
popq %r14
popq %r13
popq %r12
popq %rbx
popq %rbp
popq %rbp
popq %rbp
popq %rbx
popq %r11
popq %r10
popq %r9
popq %r8
popq %rbx
popq %rbx
popq %r15
popq %r14
popq %r13
popq %r12
popq %rbx
popq %rbx
movq %r12,%rsp
xorq %rbp,%rbp
leaveq
retq
// ... existing code ...
```",True,True
101,4,1864,False,ALL_PASS,True,True,1.0,1.0016,1.0016,1.0016,False,202,103,,"```assembly
// ... existing code ...
movq %rbp, %rsp
popq %rbx
popq %rbp
popq %rbp
popq %rbx
popq %rbp
popq %rbx
popq %r15
popq %r14
popq %r13
popq %r12
popq %rbx
popq %rbx
popq %r11
popq %r10
popq %r9
popq %r8
popq %rbx
popq %rbx
popq %r15
popq %r14
popq %r13
popq %r12
popq %rbx
popq %rbx
movq %r12,%rsp
xorq %rbp,%rbp
leaveq
retq
// ... existing code ...
```",True,True
102,32,1568,False,ALL_PASS,True,True,1.0,0.9705,0.9705,1.0,False,211,1,,"```assembly
// ... existing code ...
movq %rbp, %rsp
popq %rbx
popq %rbp
popq %r12
popq %r13
popq %r14
popq %r15
popq %r14
popq %r13
popq %r12
popq %rbx
popq %rbp
popq %rbp
popq %rbx
popq %r11
popq %r10
popq %r9
popq %r8
popq %rbx
popq %rbx
popq %r15
popq %r14
popq %r13
popq %r12
popq %rbx
popq %rbx
movq %r12,%rsp
xorq %rbp,%rbp
leaveq
retq
// ... existing code ...
```",True,True
103,142,2172,True,PROMPT_TOO_LONG,False,False,-1.0,,1.0,1.0,False,0,104,skipped: prompt exceeds max_prompt_length,,False,False
104,145,1564,False,ALL_PASS,True,True,1.0,0.9743,0.9743,1.0,False,237,14,,"```assembly
// ... existing code ...
movq %rbp, %rsp
popq %rbx
popq %rbp
popq %r12
popq %r13
popq %r14
popq %r15
popq %r14
popq %r13
popq %r12
popq %rbx
popq %rbx
popq %r11
popq %r10
popq %r9
popq %r8
popq %rbx
popq %rbx
popq %r15
popq %r14
popq %r13
popq %r12
popq %rbx
popq %rbx
popq %r11
popq %r10
popq %r9
popq %r8
popq %rbx
popq %rbx
movq %r12,%rsp
xorq %rbp,%rbp
leaveq
retq
// ... existing code ...
```",True,True
105,109,1013,False,ALL_PASS,True,True,1.0,0.987,0.987,1.0,False,202,1,,"```assembly
// ... existing code ...
movq %rbp, %rsp
popq %rbx
popq %rbp
popq %rbp
popq %rbx
popq %rbp
popq %rbx
popq %r15
popq %r14
popq %r13
popq %r12
popq %rbx
popq %rbx
popq %r11
popq %r10
popq %r9
popq %r8
popq %rbx
popq %rbx
popq %r15
popq %r14
popq %r13
popq %r12
popq %rbx
popq %rbx
movq %r12,%rsp
xorq %rbp,%rbp
leaveq
retq
// ... existing code ...
```",True,True
106,144,2361,True,PROMPT_TOO_LONG,False,False,-1.0,,1.0,1.0,False,0,105,skipped: prompt exceeds max_prompt_length,,False,False
107,10,1327,False,ALL_PASS,True,True,1.0,0.9887,0.9887,1.0,False,253,105,,"```assembly
// ... existing code ...
movq %rbp, %rsp
popq %rbx
popq %rbp
popq %r12
popq %r11
popq %r10
popq %r9
popq %r8
popq %rbx
popq %rbx
popq %r15
popq %r14
popq %r13
popq %r12
popq %rbx
popq %rbx
popq %r11
popq %r10
popq %r9
popq %r8
popq %rbx
popq %rbx
popq %rbp
popq %rbp
popq %rbp
popq %rbx
popq %rbx
popq %r15
popq %r14
popq %r13
popq %r12
popq %rbx
popq %rbx
movq %r12,%rsp
xorq %rbp,%rbp
leaveq
retq
// ... existing code ...
```",True,True
108,62,2041,True,PROMPT_TOO_LONG,False,False,-1.0,,1.0,1.0,False,0,94,skipped: prompt exceeds max_prompt_length,,False,False
109,112,2376,True,PROMPT_TOO_LONG,False,False,-1.0,,1.0,1.0,False,0,102,skipped: prompt exceeds max_prompt_length,,False,False
110,146,1077,False,ALL_PASS,True,True,1.0,1.0324,1.0324,1.0324,False,202,104,,"```assembly
// ... existing code ...
movq %rbp, %rsp
popq %rbx
popq %rbp
popq %rbp
popq %rbx
popq %rbp
popq %rbx
popq %r15
popq %r14
popq %r13
popq %r12
popq %rbx
popq %rbx
popq %r11
popq %r10
popq %r9
popq %r8
popq %rbx
popq %rbx
popq %r15
popq %r14
popq %r13
popq %r12
popq %rbx
popq %rbx
movq %r12,%rsp
xorq %rbp,%rbp
leaveq
retq
// ... existing code ...
```",True,True
111,166,1033,False,ALL_PASS,True,True,1.0,0.9363,0.9363,1.0,False,202,104,,"```assembly
// ... existing code ...
movq %rbp, %rsp
popq %rbx
popq %rbp
popq %rbp
popq %rbx
popq %rbp
popq %rbx
popq %r15
popq %r14
popq %r13
popq %r12
popq %rbx
popq %rbx
popq %r11
popq %r10
popq %r9
popq %r8
popq %rbx
popq %rbx
popq %r15
popq %r14
popq %r13
popq %r12
popq %rbx
popq %rbx
movq %r12,%rsp
xorq %rbp,%rbp
leaveq
retq
// ... existing code ...
```",True,True
112,0,1945,False,ALL_PASS,True,True,1.0,1.716,1.716,1.716,False,211,103,,"```assembly
// ... existing code ...
movq %rbp, %rsp
popq %rbx
popq %r12
popq %r13
popq %r14
popq %r15
popq %r14
popq %r13
popq %r12
popq %rbx
popq %rbp
popq %rbp
popq %rbp
popq %rbx
popq %rbx
popq %r11
popq %r10
popq %r9
popq %r8
popq %rbx
popq %rbx
popq %r15
popq %r14
popq %r13
popq %r12
popq %rbx
movq %r12,%rsp
xorq %rbp,%rbp
leaveq
retq
// ... existing code ...
```",True,True
113,198,1513,False,ALL_PASS,True,True,1.0,0.9904,0.9904,1.0,False,213,104,,"```assembly
// ... existing code ...
movq %rbp, %rsp
popq %rbx
popq %rbp
popq %r12
popq %r11
popq %r10
popq %r9
popq %r8
popq %rbx
popq %rbx
popq %r15
popq %r14
popq %r13
popq %r12
popq %rbx
popq %rbx
popq %r11
popq %r10
popq %r9
popq %r8
popq %rbx
popq %rbx
popq %rbp
popq %rbp
popq %rbp
popq %rbx
popq %rbx
movq %r12,%rsp
xorq %rbp,%rbp
leaveq
retq
// ... existing code ...
```",True,True
114,153,2158,True,PROMPT_TOO_LONG,False,False,-1.0,,1.0,1.0,False,0,103,skipped: prompt exceeds max_prompt_length,,False,False
115,70,1740,False,ALL_PASS,True,True,1.0,0.9905,0.9905,1.0,False,213,103,,"```assembly
// ... existing code ...
movq %rbx, %rsp
popq %rbx
popq %rbp
popq %r12
popq %r11
popq %r10
popq %r9
popq %r8
popq %rbx
popq %rbx
popq %r15
popq %r14
popq %r13
popq %r12
popq %rbx
popq %rbx
popq %r11
popq %r10
popq %r9
popq %r8
popq %rbx
popq %rbx
popq %rbp
popq %rbp
popq %rbp
popq %rbx
popq %rbx
movq %r12,%rsp
xorq %rbp,%rbp
leaveq
retq
// ... existing code ...
```",True,True
116,123,2225,True,PROMPT_TOO_LONG,False,False,-1.0,,1.0,1.0,False,0,103,skipped: prompt exceeds max_prompt_length,,False,False
117,64,1533,False,ALL_PASS,True,True,1.0,12.2556,12.2556,12.2556,False,217,102,,"```assembly
// ... existing code ...
movq %rbp, %rsp
popq %rbx
popq %rbp
popq %r12
popq %r13
popq %r14
popq %r15
popq %r14
popq %r13
popq %r12
popq %rbx
popq %rbp
popq %rbp
popq %rbp
popq %rbx
popq %r11
popq %r10
popq %r9
popq %r8
popq %rbx
popq %rbx
popq %r15
popq %r14
popq %r13
popq %r12
popq %rbx
popq %rbx
movq %r12,%rsp
xorq %rbp,%rbp
leaveq
retq
// ... existing code ...
```",True,True
118,44,2184,True,PROMPT_TOO_LONG,False,False,-1.0,,1.0,1.0,False,0,1,skipped: prompt exceeds max_prompt_length,,False,False
119,163,2493,True,PROMPT_TOO_LONG,False,False,-1.0,,1.0,1.0,False,0,104,skipped: prompt exceeds max_prompt_length,,False,False
120,28,2364,True,PROMPT_TOO_LONG,False,False,-1.0,,1.0,1.0,False,0,1,skipped: prompt exceeds max_prompt_length,,False,False
121,40,1381,False,ALL_PASS,True,True,1.0,8.8633,8.8633,8.8633,False,201,104,,"```assembly
// ... existing code ...
movq %rbp, %rsp
popq %rbx
popq %rbp
popq %r12
popq %rbx
popq %rbp
popq %rbp
popq %r11
popq %r10
popq %r9
popq %r8
popq %rbx
popq %rbx
popq %r15
popq %r14
popq %r13
popq %r12
popq %rbx
popq %rbx
popq %r11
popq %r10
popq %r9
popq %r8
popq %rbx
popq %rbx
movq %r12,%rsp
xorq %rbp,%rbp
leaveq
retq
// ... existing code ...
```",True,True
122,108,1143,False,ALL_PASS,True,True,1.0,43.529,43.529,43.529,False,202,1,,"```assembly
// ... existing code ...
movq %rbp, %rsp
popq %rbx
popq %rbp
popq %rbp
popq %rbx
popq %rbp
popq %rbx
popq %r15
popq %r14
popq %r13
popq %r12
popq %rbx
popq %rbx
popq %r11
popq %r10
popq %r9
popq %r8
popq %rbx
popq %rbx
popq %r15
popq %r14
popq %r13
popq %r12
popq %rbx
popq %rbx
movq %r12,%rsp
xorq %rbp,%rbp
leaveq
retq
// ... existing code ...
```",True,True
123,155,1457,False,ALL_PASS,True,True,1.0,8.1844,8.1844,8.1844,False,202,104,,"```assembly
// ... existing code ...
movq %rbp, %rsp
popq %rbx
popq %rbp
popq %rbp
popq %rbx
popq %rbp
popq %rbx
popq %r15
popq %r14
popq %r13
popq %r12
popq %rbx
popq %rbx
popq %r11
popq %r10
popq %r9
popq %r8
popq %rbx
popq %rbx
popq %r15
popq %r14
popq %r13
popq %r12
popq %rbx
popq %rbx
movq %r12,%rsp
xorq %rbp,%rbp
leaveq
retq
// ... existing code ...
```",True,True
124,156,789,False,ALL_PASS,True,True,1.0,2.971,2.971,2.971,False,202,6,,"```assembly
// ... existing code ...
movq %rbp, %rsp
popq %rbx
popq %rbp
popq %rbp
popq %rbx
popq %rbp
popq %rbx
popq %r15
popq %r14
popq %r13
popq %r12
popq %rbx
popq %rbx
popq %r11
popq %r10
popq %r9
popq %r8
popq %rbx
popq %rbx
popq %r15
popq %r14
popq %r13
popq %r12
popq %rbx
popq %rbx
movq %r12,%rsp
xorq %rbp,%rbp
leaveq
retq
// ... existing code ...
```",True,True
125,25,1043,False,ALL_PASS,True,True,1.0,4.3281,4.3281,4.3281,False,202,103,,"```assembly
// ... existing code ...
movq %rbp, %rsp
popq %rbx
popq %rbp
popq %rbp
popq %rbx
popq %rbp
popq %rbx
popq %r15
popq %r14
popq %r13
popq %r12
popq %rbx
popq %rbx
popq %r11
popq %r10
popq %r9
popq %r8
popq %rbx
popq %rbx
popq %r15
popq %r14
popq %r13
popq %r12
popq %rbx
popq %rbx
movq %r12,%rsp
xorq %rbp,%rbp
leaveq
retq
// ... existing code ...
```",True,True
126,23,2721,True,PROMPT_TOO_LONG,False,False,-1.0,,1.0,1.0,False,0,103,skipped: prompt exceeds max_prompt_length,,False,False
127,184,1101,False,ALL_PASS,True,True,1.0,21.2695,21.2695,21.2695,False,202,104,,"```assembly
// ... existing code ...
movq %rbp, %rsp
popq %rbx
popq %rbp
popq %rbp
popq %rbx
popq %rbp
popq %rbx
popq %r15
popq %r14
popq %r13
popq %r12
popq %rbx
popq %rbx
popq %r11
popq %r10
popq %r9
popq %r8
popq %rbx
popq %rbx
popq %r15
popq %r14
popq %r13
popq %r12
popq %rbx
popq %rbx
movq %r12,%rsp
xorq %rbp,%rbp
leaveq
retq
// ... existing code ...
```",True,True
128,147,921,False,ALL_PASS,True,True,1.0,199.3627,199.3627,199.3627,False,202,104,,"```assembly
// ... existing code ...
movq %rbp, %rsp
popq %rbx
popq %rbp
popq %rbp
popq %rbx
popq %rbp
popq %rbx
popq %r15
popq %r14
popq %r13
popq %r12
popq %rbx
popq %rbx
popq %r11
popq %r10
popq %r9
popq %r8
popq %rbx
popq %rbx
popq %r15
popq %r14
popq %r13
popq %r12
popq %rbx
popq %rbx
movq %r12,%rsp
xorq %rbp,%rbp
leaveq
retq
// ... existing code ...
```",True,True
129,81,1420,False,ALL_PASS,True,True,1.0,1.5926,1.5926,1.5926,False,202,103,,"```assembly
// ... existing code ...
movq %rbp, %rsp
popq %rbx
popq %rbp
popq %rbp
popq %rbx
popq %rbp
popq %rbx
popq %r15
popq %r14
popq %r13
popq %r12
popq %rbx
popq %rbx
popq %r11
popq %r10
popq %r9
popq %r8
popq %rbx
popq %rbx
popq %r15
popq %r14
popq %r13
popq %r12
popq %rbx
popq %rbx
movq %r12,%rsp
xorq %rbp,%rbp
leaveq
retq
// ... existing code ...
```",True,True
130,39,2085,True,PROMPT_TOO_LONG,False,False,-1.0,,1.0,1.0,False,0,104,skipped: prompt exceeds max_prompt_length,,False,False
131,168,2233,True,PROMPT_TOO_LONG,False,False,-1.0,,1.0,1.0,False,0,102,skipped: prompt exceeds max_prompt_length,,False,False
132,47,2484,True,PROMPT_TOO_LONG,False,False,-1.0,,1.0,1.0,False,0,103,skipped: prompt exceeds max_prompt_length,,False,False
133,94,2011,True,PROMPT_TOO_LONG,False,False,-1.0,,1.0,1.0,False,0,103,skipped: prompt exceeds max_prompt_length,,False,False
134,154,1242,False,ALL_PASS,True,True,1.0,1.0313,1.0313,1.0313,False,202,104,,"```assembly
// ... existing code ...
movq %rbp, %rsp
popq %rbx
popq %rbp
popq %rbp
popq %rbx
popq %rbp
popq %rbx
popq %r15
popq %r14
popq %r13
popq %r12
popq %rbx
popq %rbx
popq %r11
popq %r10
popq %r9
popq %r8
popq %rbx
popq %rbx
popq %r15
popq %r14
popq %r13
popq %r12
popq %rbx
popq %rbx
movq %r12,%rsp
xorq %rbp,%rbp
leaveq
retq
// ... existing code ...
```",True,True
135,43,1700,False,ALL_PASS,True,True,1.0,1.0037,1.0037,1.0037,False,205,104,,"```assembly
// ... existing code ...
movq %rbp, %rsp
popq %rbx
popq %r12
popq %r13
popq %r14
popq %r15
popq %r14
popq %r13
popq %r12
popq %rbx
popq %rbp
popq %rbp
popq %rbx
popq %r11
popq %r10
popq %r9
popq %r8
popq %rbx
popq %rbx
popq %r15
popq %r14
popq %r13
popq %r12
popq %rbx
popq %rbx
movq %r12,%rsp
xorq %rbp,%rbp
leaveq
retq
// ... existing code ...
```",True,True
136,138,2172,True,PROMPT_TOO_LONG,False,False,-1.0,,1.0,1.0,False,0,102,skipped: prompt exceeds max_prompt_length,,False,False
137,3,1391,False,ALL_PASS,True,True,1.0,0.9819,0.9819,1.0,False,202,104,,"```assembly
// ... existing code ...
movq %rbp, %rsp
popq %rbx
popq %rbp
popq %rbp
popq %rbx
popq %rbp
popq %rbx
popq %r15
popq %r14
popq %r13
popq %r12
popq %rbx
popq %rbx
popq %r11
popq %r10
popq %r9
popq %r8
popq %rbx
popq %rbx
popq %r15
popq %r14
popq %r13
popq %r12
popq %rbx
popq %rbx
movq %r12,%rsp
xorq %rbp,%rbp
leaveq
retq
// ... existing code ...
```",True,True
138,105,1070,False,ALL_PASS,True,True,1.0,0.9794,0.9794,1.0,False,202,105,,"```assembly
// ... existing code ...
movq %rbp, %rsp
popq %rbx
popq %rbp
popq %rbp
popq %rbx
popq %rbp
popq %rbx
popq %r15
popq %r14
popq %r13
popq %r12
popq %rbx
popq %rbx
popq %r11
popq %r10
popq %r9
popq %r8
popq %rbx
popq %rbx
popq %r15
popq %r14
popq %r13
popq %r12
popq %rbx
popq %rbx
movq %r12,%rsp
xorq %rbp,%rbp
leaveq
retq
// ... existing code ...
```",True,True
139,53,830,False,ALL_PASS,True,True,1.0,1.0222,1.0222,1.0222,False,202,103,,"```assembly
// ... existing code ...
movq %rbp, %rsp
popq %rbx
popq %rbp
popq %rbp
popq %rbx
popq %rbp
popq %rbx
popq %r15
popq %r14
popq %r13
popq %r12
popq %rbx
popq %rbx
popq %r11
popq %r10
popq %r9
popq %r8
popq %rbx
popq %rbx
popq %r15
popq %r14
popq %r13
popq %r12
popq %rbx
popq %rbx
movq %r12,%rsp
xorq %rbp,%rbp
leaveq
retq
// ... existing code ...
```",True,True
140,133,1643,False,ALL_PASS,True,True,1.0,1.0014,1.0014,1.0014,False,207,102,,"```assembly
// ... existing code ...
movq %rbx, %rsp
popq %rbx
popq %rbp
popq %r12
popq %rbx
popq %rbp
popq %rbp
popq %rbx
popq %r11
popq %r10
popq %r9
popq %r8
popq %rbx
popq %rbx
popq %r15
popq %r14
popq %r13
popq %r12
popq %rbx
popq %rbx
popq %r11
popq %r10
popq %r9
popq %r8
popq %rbx
popq %rbx
movq %r12,%rsp
xorq %rbp,%rbp
leaveq
retq
// ... existing code ...
```",True,True
141,180,1023,False,ALL_PASS,True,True,1.0,1.0083,1.0083,1.0083,False,202,104,,"```assembly
// ... existing code ...
movq %rbp, %rsp
popq %rbx
popq %rbp
popq %rbp
popq %rbx
popq %rbp
popq %rbx
popq %r15
popq %r14
popq %r13
popq %r12
popq %rbx
popq %rbx
popq %r11
popq %r10
popq %r9
popq %r8
popq %rbx
popq %rbx
popq %r15
popq %r14
popq %r13
popq %r12
popq %rbx
popq %rbx
movq %r12,%rsp
xorq %rbp,%rbp
leaveq
retq
// ... existing code ...
```",True,True
142,178,1573,False,ALL_PASS,True,True,1.0,1.0144,1.0144,1.0144,False,211,104,,"```assembly
// ... existing code ...
movq %rbp, %rsp
popq %rbx
popq %rbp
popq %r12
popq %r13
popq %r14
popq %r15
popq %r14
popq %r13
popq %r12
popq %rbx
popq %rbp
popq %rbp
popq %rbx
popq %r11
popq %r10
popq %r9
popq %r8
popq %rbx
popq %rbx
popq %r15
popq %r14
popq %r13
popq %r12
popq %rbx
popq %rbx
movq %r12,%rsp
xorq %rbp,%rbp
leaveq
retq
// ... existing code ...
```",True,True
143,185,2284,True,PROMPT_TOO_LONG,False,False,-1.0,,1.0,1.0,False,0,103,skipped: prompt exceeds max_prompt_length,,False,False
144,49,1537,False,ALL_PASS,True,True,1.0,0.9979,0.9979,1.0,False,207,105,,"```assembly
// ... existing code ...
movq %rbp, %rsp
popq %rbx
popq %rbp
popq %r12
popq %rbx
popq %rbp
popq %rbp
popq %rbx
popq %r11
popq %r10
popq %r9
popq %r8
popq %rbx
popq %rbx
popq %r15
popq %r14
popq %r13
popq %r12
popq %rbx
popq %rbx
popq %r11
popq %r10
popq %r9
popq %r8
popq %rbx
popq %rbx
movq %r12,%rsp
xorq %rbp,%rbp
leaveq
retq
// ... existing code ...
```",True,True
145,80,2116,True,PROMPT_TOO_LONG,False,False,-1.0,,1.0,1.0,False,0,1,skipped: prompt exceeds max_prompt_length,,False,False
146,34,1057,False,ALL_PASS,True,True,1.0,0.9252,0.9252,1.0,False,202,105,,"```assembly
// ... existing code ...
movq %rbp, %rsp
popq %rbx
popq %rbp
popq %rbp
popq %rbx
popq %rbp
popq %rbx
popq %r15
popq %r14
popq %r13
popq %r12
popq %rbx
popq %rbx
popq %r11
popq %r10
popq %r9
popq %r8
popq %rbx
popq %rbx
popq %r15
popq %r14
popq %r13
popq %r12
popq %rbx
popq %rbx
movq %r12,%rsp
xorq %rbp,%rbp
leaveq
retq
// ... existing code ...
```",True,True
147,7,1304,False,ALL_PASS,True,True,1.0,1.0376,1.0376,1.0376,False,202,103,,"```assembly
// ... existing code ...
movq %rbp, %rsp
popq %rbp
popq %r12
popq %r11
popq %r10
popq %r9
popq %r8
popq %rbx
popq %rbx
popq %r15
popq %r14
popq %r13
popq %r12
popq %rbx
popq %rbx
popq %r11
popq %r10
popq %r9
popq %r8
popq %rbx
popq %rbx
popq %rbp
popq %rbp
popq %rbp
popq %rbx
subq $64, %rsp
xorq %rbp, %rbp
leaveq
retq
// ... existing code ...
```",True,True
148,110,2203,True,PROMPT_TOO_LONG,False,False,-1.0,,1.0,1.0,False,0,1,skipped: prompt exceeds max_prompt_length,,False,False
149,91,899,False,ALL_PASS,True,True,1.0,0.9807,0.9807,1.0,False,202,104,,"```assembly
// ... existing code ...
movq %rbp, %rsp
popq %rbx
popq %rbp
popq %rbp
popq %rbx
popq %rbp
popq %rbx
popq %r15
popq %r14
popq %r13
popq %r12
popq %rbx
popq %rbx
popq %r11
popq %r10
popq %r9
popq %r8
popq %rbx
popq %rbx
popq %r15
popq %r14
popq %r13
popq %r12
popq %rbx
popq %rbx
movq %r12,%rsp
xorq %rbp,%rbp
leaveq
retq
// ... existing code ...
```",True,True
150,83,1556,False,COMPILE_FAIL,False,False,-1.0,,1.0,1.0,False,226,103,"/tmp/tmpahvd8zep/sol.s: Assembler messages:
/tmp/tmpahvd8zep/sol.s:145: Error: symbol `main' is already defined
/tmp/tmpahvd8zep/sol.s:146: Error: symbol `.LFB35' is already defined
/tmp/tmpahvd8zep/sol.s:166: Error: symbol `.L6' is already defined
/tmp/tmpahvd8zep/sol.s:182: Error: symbol `.L11' is already defined
/tmp/tmpahvd8zep/sol.s:184: Error: symbol `.L9' is already defined
/tmp/tmpahvd8zep","```assembly
// ... existing code ...
movq %rbp, %rsp
popq %rbx
popq %rbp
popq %rbp
popq %rbx
popq %rbp
popq %rbx
popq %r15
popq %r14
popq %r13
popq %r12
popq %rbx
popq %rbx
popq %r11
popq %r10
popq %r9
popq %r8
popq %rbx
popq %rbx
popq %r15
popq %r14
popq %r13
popq %r12
popq %rbx
popq %rbx
popq %rbp
popq %rbp
popq %rbp
popq %rbx
movq %r12,%rsp
xorq %rbp,%rbp
leaveq
retq
// ... existing code ...
```",True,True
151,176,1039,False,ALL_PASS,True,True,1.0,0.9808,0.9808,1.0,False,202,104,,"```assembly
// ... existing code ...
movq %rbp, %rsp
popq %rbx
popq %rbp
popq %rbp
popq %rbx
popq %rbp
popq %rbx
popq %r15
popq %r14
popq %r13
popq %r12
popq %rbx
popq %rbx
popq %r11
popq %r10
popq %r9
popq %r8
popq %rbx
popq %rbx
popq %r15
popq %r14
popq %r13
popq %r12
popq %rbx
popq %rbx
movq %r12,%rsp
xorq %rbp,%rbp
leaveq
retq
// ... existing code ...
```",True,True
152,181,2659,True,PROMPT_TOO_LONG,False,False,-1.0,,1.0,1.0,False,0,104,skipped: prompt exceeds max_prompt_length,,False,False
153,89,1217,False,ALL_PASS,True,True,1.0,1.0189,1.0189,1.0189,False,226,104,,"```assembly
// ... existing code ...
movq %rbp, %rsp
popq %rbx
popq %rbp
popq %rbp
popq %rbx
popq %rbp
popq %rbx
popq %r15
popq %r14
popq %r13
popq %r12
popq %rbx
popq %rbx
popq %r11
popq %r10
popq %r9
popq %r8
popq %rbx
popq %rbx
popq %r15
popq %r14
popq %r13
popq %r12
popq %rbx
popq %rbx
popq %rbp
popq %rbp
popq %rbp
popq %rbx
movq %r12,%rsp
xorq %rbp,%rbp
leaveq
retq
// ... existing code ...
```",True,True
154,8,956,False,ALL_PASS,True,True,1.0,1.0299,1.0299,1.0299,False,202,103,,"```assembly
// ... existing code ...
movq %rbp, %rsp
popq %rbx
popq %rbp
popq %rbp
popq %rbx
popq %rbp
popq %rbx
popq %r15
popq %r14
popq %r13
popq %r12
popq %rbx
popq %rbx
popq %r11
popq %r10
popq %r9
popq %r8
popq %rbx
popq %rbx
popq %r15
popq %r14
popq %r13
popq %r12
popq %rbx
popq %rbx
movq %r12,%rsp
xorq %rbp,%rbp
leaveq
retq
// ... existing code ...
```",True,True
155,13,1860,False,ALL_PASS,True,True,1.0,1.0078,1.0078,1.0078,False,211,30,,"```assembly
// ... existing code ...
movq %rbx, %rsp
popq %rbx
popq %rbp
popq %r12
popq %r13
popq %r14
popq %r15
popq %r14
popq %r13
popq %r12
popq %rbx
popq %rbp
popq %rbp
popq %rbx
popq %r11
popq %r10
popq %r9
popq %r8
popq %rbx
popq %rbx
popq %r15
popq %r14
popq %r13
popq %r12
popq %rbx
popq %rbx
movq %r12,%rsp
xorq %rbp,%rbp
leaveq
retq
// ... existing code ...
```",True,True
156,59,939,False,ALL_PASS,True,True,1.0,0.9243,0.9243,1.0,False,202,104,,"```assembly
// ... existing code ...
movq %rbp, %rsp
popq %rbx
popq %rbp
popq %rbp
popq %rbx
popq %rbp
popq %rbx
popq %r15
popq %r14
popq %r13
popq %r12
popq %rbx
popq %rbx
popq %r11
popq %r10
popq %r9
popq %r8
popq %rbx
popq %rbx
popq %r15
popq %r14
popq %r13
popq %r12
popq %rbx
popq %rbx
movq %r12,%rsp
xorq %rbp,%rbp
leaveq
retq
// ... existing code ...
```",True,True
157,171,1287,False,ALL_PASS,True,True,1.0,0.9934,0.9934,1.0,False,237,103,,"```assembly
// ... existing code ...
movq %rbp, %rsp
popq %rbx
popq %rbp
popq %r12
popq %r13
popq %r14
popq %r15
popq %r14
popq %r13
popq %r12
popq %rbx
popq %rbx
popq %r11
popq %r10
popq %r9
popq %r8
popq %rbx
popq %rbx
popq %r15
popq %r14
popq %r13
popq %r12
popq %rbx
popq %rbx
popq %r11
popq %r10
popq %r9
popq %r8
popq %rbx
popq %rbx
movq %r12,%rsp
xorq %rbp,%rbp
leaveq
retq
// ... existing code ...
```",True,True
158,131,1118,False,ALL_PASS,True,True,1.0,1.0343,1.0343,1.0343,False,226,103,,"```assembly
// ... existing code ...
movq %rbp, %rsp
popq %rbx
popq %rbp
popq %rbp
popq %rbx
popq %rbp
popq %rbx
popq %r15
popq %r14
popq %r13
popq %r12
popq %rbx
popq %rbx
popq %r11
popq %r10
popq %r9
popq %r8
popq %rbx
popq %rbx
popq %r15
popq %r14
popq %r13
popq %r12
popq %rbx
popq %rbx
popq %rbp
popq %rbp
popq %rbp
popq %rbx
movq %r12,%rsp
xorq %rbp,%rbp
leaveq
retq
// ... existing code ...
```",True,True
159,17,1340,False,ALL_PASS,True,True,1.0,1.0067,1.0067,1.0067,False,253,104,,"```assembly
// ... existing code ...
movq %rbp, %rsp
popq %rbx
popq %rbp
popq %r12
popq %r11
popq %r10
popq %r9
popq %r8
popq %rbx
popq %rbx
popq %r15
popq %r14
popq %r13
popq %r12
popq %rbx
popq %rbx
popq %r11
popq %r10
popq %r9
popq %r8
popq %rbx
popq %rbx
popq %rbp
popq %rbp
popq %rbp
popq %rbx
popq %rbx
popq %r15
popq %r14
popq %r13
popq %r12
popq %rbx
popq %rbx
movq %r12,%rsp
xorq %rbp,%rbp
leaveq
retq
// ... existing code ...
```",True,True
160,72,1951,False,ALL_PASS,True,True,1.0,0.9854,0.9854,1.0,False,247,105,,"```assembly
// ... existing code ...
movq %rbx, %rsp
popq %rbx
popq %rbp
popq %r12
popq %r11
popq %r10
popq %r9
popq %r8
popq %rbx
popq %rbx
popq %r15
popq %r14
popq %r13
popq %r12
popq %rbx
popq %rbx
popq %r11
popq %r10
popq %r9
popq %r8
popq %rbx
popq %rbx
popq %rbp
popq %rbp
popq %rbp
popq %rbx
popq %rbx
popq %r15
popq %r14
popq %r13
popq %r12
popq %rbx
movq %r12,%rsp
xorq %rbp,%rbp
leaveq
retq
// ... existing code ...
```",True,True
161,175,1771,False,ALL_PASS,True,True,1.0,0.9762,0.9762,1.0,False,253,104,,"```assembly
// ... existing code ...
movq %rbp, %rsp
popq %rbx
popq %rbp
popq %r12
popq %r11
popq %r10
popq %r9
popq %r8
popq %rbx
popq %rbx
popq %r15
popq %r14
popq %r13
popq %r12
popq %rbx
popq %rbx
popq %r11
popq %r10
popq %r9
popq %r8
popq %rbx
popq %rbx
popq %rbp
popq %rbp
popq %rbp
popq %rbx
popq %rbx
popq %r15
popq %r14
popq %r13
popq %r12
popq %rbx
popq %rbx
movq %r12,%rsp
xorq %rbp,%rbp
leaveq
retq
// ... existing code ...
```",True,True
162,134,2734,True,PROMPT_TOO_LONG,False,False,-1.0,,1.0,1.0,False,0,103,skipped: prompt exceeds max_prompt_length,,False,False
163,167,2090,True,PROMPT_TOO_LONG,False,False,-1.0,,1.0,1.0,False,0,104,skipped: prompt exceeds max_prompt_length,,False,False
164,183,1326,False,ALL_PASS,True,True,1.0,1.0268,1.0268,1.0268,False,202,104,,"```assembly
// ... existing code ...
movq %rbp, %rsp
popq %rbx
popq %rbp
popq %rbp
popq %rbx
popq %rbp
popq %rbx
popq %r15
popq %r14
popq %r13
popq %r12
popq %rbx
popq %rbx
popq %r11
popq %r10
popq %r9
popq %r8
popq %rbx
popq %rbx
popq %r15
popq %r14
popq %r13
popq %r12
popq %rbx
popq %rbx
movq %r12,%rsp
xorq %rbp,%rbp
leaveq
retq
// ... existing code ...
```",True,True
165,63,2357,True,PROMPT_TOO_LONG,False,False,-1.0,,1.0,1.0,False,0,103,skipped: prompt exceeds max_prompt_length,,False,False
166,54,2118,True,PROMPT_TOO_LONG,False,False,-1.0,,1.0,1.0,False,0,1,skipped: prompt exceeds max_prompt_length,,False,False
167,107,1347,False,ALL_PASS,True,True,1.0,1.0191,1.0191,1.0191,False,217,102,,"```assembly
// ... existing code ...
movq %rbp, %rsp
popq %rbx
popq %rbp
popq %r12
popq %r13
popq %r14
popq %r15
popq %r14
popq %r13
popq %r12
popq %rbx
popq %rbp
popq %rbp
popq %rbp
popq %rbx
popq %r11
popq %r10
popq %r9
popq %r8
popq %rbx
popq %rbx
popq %r15
popq %r14
popq %r13
popq %r12
popq %rbx
popq %rbx
movq %r12,%rsp
xorq %rbp,%rbp
leaveq
retq
// ... existing code ...
```",True,True
168,50,1507,False,ALL_PASS,True,True,1.0,1.0139,1.0139,1.0139,False,207,103,,"```assembly
// ... existing code ...
movq %rbp, %rsp
popq %rbx
popq %rbp
popq %r12
popq %rbx
popq %rbp
popq %rbp
popq %rbx
popq %r11
popq %r10
popq %r9
popq %r8
popq %rbx
popq %rbx
popq %r15
popq %r14
popq %r13
popq %r12
popq %rbx
popq %rbx
popq %r11
popq %r10
popq %r9
popq %r8
popq %rbx
popq %rbx
movq %r12,%rsp
xorq %rbp,%rbp
leaveq
retq
// ... existing code ...
```",True,True
169,196,1103,False,ALL_PASS,True,True,1.0,1.0292,1.0292,1.0292,False,213,102,,"```assembly
// ... existing code ...
movq %rbp, %rsp
popq %rbx
popq %rbp
popq %r12
popq %r11
popq %r10
popq %r9
popq %r8
popq %rbx
popq %rbx
popq %r15
popq %r14
popq %r13
popq %r12
popq %rbx
popq %rbx
popq %r11
popq %r10
popq %r9
popq %r8
popq %rbx
popq %rbx
popq %rbp
popq %rbp
popq %rbp
popq %rbx
popq %rbx
movq %r12,%rsp
xorq %rbp,%rbp
leaveq
retq
// ... existing code ...
```",True,True
170,58,919,False,ALL_PASS,True,True,1.0,0.9727,0.9727,1.0,False,202,104,,"```assembly
// ... existing code ...
movq %rbp, %rsp
popq %rbx
popq %rbp
popq %rbp
popq %rbx
popq %rbp
popq %rbx
popq %r15
popq %r14
popq %r13
popq %r12
popq %rbx
popq %rbx
popq %r11
popq %r10
popq %r9
popq %r8
popq %rbx
popq %rbx
popq %r15
popq %r14
popq %r13
popq %r12
popq %rbx
popq %rbx
movq %r12,%rsp
xorq %rbp,%rbp
leaveq
retq
// ... existing code ...
```",True,True
171,48,915,False,ALL_PASS,True,True,1.0,1.0371,1.0371,1.0371,False,202,104,,"```assembly
// ... existing code ...
movq %rbp, %rsp
popq %rbx
popq %rbp
popq %rbp
popq %rbx
popq %rbp
popq %rbx
popq %r15
popq %r14
popq %r13
popq %r12
popq %rbx
popq %rbx
popq %r11
popq %r10
popq %r9
popq %r8
popq %rbx
popq %rbx
popq %r15
popq %r14
popq %r13
popq %r12
popq %rbx
popq %rbx
movq %r12,%rsp
xorq %rbp,%rbp
leaveq
retq
// ... existing code ...
```",True,True
172,88,824,False,ALL_PASS,True,True,1.0,0.9166,0.9166,1.0,False,202,2,,"```assembly
// ... existing code ...
movq %rbp, %rsp
popq %rbx
popq %rbp
popq %rbp
popq %rbx
popq %rbp
popq %rbx
popq %r15
popq %r14
popq %r13
popq %r12
popq %rbx
popq %rbx
popq %r11
popq %r10
popq %r9
popq %r8
popq %rbx
popq %rbx
popq %r15
popq %r14
popq %r13
popq %r12
popq %rbx
popq %rbx
movq %r12,%rsp
xorq %rbp,%rbp
leaveq
retq
// ... existing code ...
```",True,True
173,21,1607,False,ALL_PASS,True,True,1.0,0.9295,0.9295,1.0,False,253,1,,"```assembly
// ... existing code ...
movq %rbp, %rsp
popq %rbx
popq %rbp
popq %r12
popq %r11
popq %r10
popq %r9
popq %r8
popq %rbx
popq %rbx
popq %r15
popq %r14
popq %r13
popq %r12
popq %rbx
popq %rbx
popq %r11
popq %r10
popq %r9
popq %r8
popq %rbx
popq %rbx
popq %rbp
popq %rbp
popq %rbp
popq %rbx
popq %rbx
popq %r15
popq %r14
popq %r13
popq %r12
popq %rbx
popq %rbx
movq %r12,%rsp
xorq %rbp,%rbp
leaveq
retq
// ... existing code ...
```",True,True
174,57,828,False,ALL_PASS,True,True,1.0,1.0136,1.0136,1.0136,False,202,103,,"```assembly
// ... existing code ...
movq %rbp, %rsp
popq %rbx
popq %rbp
popq %rbp
popq %rbx
popq %rbp
popq %rbx
popq %r15
popq %r14
popq %r13
popq %r12
popq %rbx
popq %rbx
popq %r11
popq %r10
popq %r9
popq %r8
popq %rbx
popq %rbx
popq %r15
popq %r14
popq %r13
popq %r12
popq %rbx
popq %rbx
movq %r12,%rsp
xorq %rbp,%rbp
leaveq
retq
// ... existing code ...
```",True,True
175,160,903,False,ALL_PASS,True,True,1.0,0.9607,0.9607,1.0,False,202,104,,"```assembly
// ... existing code ...
movq %rbp, %rsp
popq %rbx
popq %rbp
popq %rbp
popq %rbx
popq %rbp
popq %rbx
popq %r15
popq %r14
popq %r13
popq %r12
popq %rbx
popq %rbx
popq %r11
popq %r10
popq %r9
popq %r8
popq %rbx
popq %rbx
popq %r15
popq %r14
popq %r13
popq %r12
popq %rbx
popq %rbx
movq %r12,%rsp
xorq %rbp,%rbp
leaveq
retq
// ... existing code ...
```",True,True
176,192,956,False,ALL_PASS,True,True,1.0,0.9714,0.9714,1.0,False,202,1,,"```assembly
// ... existing code ...
movq %rbp, %rsp
popq %rbx
popq %rbp
popq %rbp
popq %rbx
popq %rbp
popq %rbx
popq %r15
popq %r14
popq %r13
popq %r12
popq %rbx
popq %rbx
popq %r11
popq %r10
popq %r9
popq %r8
popq %rbx
popq %rbx
popq %r15
popq %r14
popq %r13
popq %r12
popq %rbx
popq %rbx
movq %r12,%rsp
xorq %rbp,%rbp
leaveq
retq
// ... existing code ...
```",True,True
177,129,2490,True,PROMPT_TOO_LONG,False,False,-1.0,,1.0,1.0,False,0,104,skipped: prompt exceeds max_prompt_length,,False,False
178,37,1161,False,ALL_PASS,True,True,1.0,1.0302,1.0302,1.0302,False,202,103,,"```assembly
// ... existing code ...
movq %rbp, %rsp
popq %rbx
popq %rbp
popq %rbp
popq %rbx
popq %rbp
popq %rbx
popq %r15
popq %r14
popq %r13
popq %r12
popq %rbx
popq %rbx
popq %r11
popq %r10
popq %r9
popq %r8
popq %rbx
popq %rbx
popq %r15
popq %r14
popq %r13
popq %r12
popq %rbx
popq %rbx
movq %r12,%rsp
xorq %rbp,%rbp
leaveq
retq
// ... existing code ...
```",True,True
179,157,1112,False,ALL_PASS,True,True,1.0,0.9854,0.9854,1.0,False,202,104,,"```assembly
// ... existing code ...
movq %rbp, %rsp
popq %rbx
popq %rbp
popq %rbp
popq %rbx
popq %rbp
popq %rbx
popq %r15
popq %r14
popq %r13
popq %r12
popq %rbx
popq %rbx
popq %r11
popq %r10
popq %r9
popq %r8
popq %rbx
popq %rbx
popq %r15
popq %r14
popq %r13
popq %r12
popq %rbx
popq %rbx
movq %r12,%rsp
xorq %rbp,%rbp
leaveq
retq
// ... existing code ...
```",True,True
180,193,2056,True,PROMPT_TOO_LONG,False,False,-1.0,,1.0,1.0,False,0,104,skipped: prompt exceeds max_prompt_length,,False,False
181,1,1359,False,ALL_PASS,True,True,1.0,0.9943,0.9943,1.0,False,206,104,,"```assembly
// ... existing code ...
movq %rbp, %rsp
popq %rbx
popq %rbp
popq %rbx
popq %r11
popq %r10
popq %r9
popq %r8
popq %rbx
popq %rbx
popq %r15
popq %r14
popq %r13
popq %r12
popq %rbx
popq %rbx
popq %r11
popq %r10
popq %r9
popq %r8
popq %rbx
popq %rbx
popq %rbp
popq %rbp
popq %rbp
popq %rbx
movq %r12,%rsp
xorq %rbp,%rbp
leaveq
retq
// ... existing code ...
```",True,True
182,52,1521,False,ALL_PASS,True,True,1.0,0.9454,0.9454,1.0,False,237,103,,"```assembly
// ... existing code ...
movq %rbx, %rsp
popq %rbx
popq %rbp
popq %r12
popq %r13
popq %r14
popq %r15
popq %r14
popq %r13
popq %r12
popq %rbx
popq %rbx
popq %r11
popq %r10
popq %r9
popq %r8
popq %rbx
popq %rbx
popq %r15
popq %r14
popq %r13
popq %r12
popq %rbx
popq %rbx
popq %r11
popq %r10
popq %r9
popq %r8
popq %rbx
popq %rbx
movq %r12,%rsp
xorq %rbp,%rbp
leaveq
retq
// ... existing code ...
```",True,True
183,149,973,False,ALL_PASS,True,True,1.0,1.0225,1.0225,1.0225,False,202,103,,"```assembly
// ... existing code ...
movq %rbp, %rsp
popq %rbx
popq %rbp
popq %rbp
popq %rbx
popq %rbp
popq %rbx
popq %r15
popq %r14
popq %r13
popq %r12
popq %rbx
popq %rbx
popq %r11
popq %r10
popq %r9
popq %r8
popq %rbx
popq %rbx
popq %r15
popq %r14
popq %r13
popq %r12
popq %rbx
popq %rbx
movq %r12,%rsp
xorq %rbp,%rbp
leaveq
retq
// ... existing code ...
```",True,True
184,130,1269,False,ALL_PASS,True,True,1.0,0.9879,0.9879,1.0,False,214,106,,"```assembly
// ... existing code ...
movq %rbp, %rsp
popq %rbx
popq %rbp
popq %rbp
popq %rbx
popq %r15
popq %r14
popq %r13
popq %r12
popq %rbx
popq %rbx
popq %r11
popq %r10
popq %r9
popq %r8
popq %rbx
popq %rbx
popq %r15
popq %r14
popq %r13
popq %r12
popq %rbx
popq %rbx
popq %rbp
popq %rbp
popq %rbp
popq %rbx
movq %r12,%rsp
xorq %rbp,%rbp
leaveq
retq
// ... existing code ...
```",True,True
185,151,1586,False,ALL_PASS,True,True,1.0,1.0581,1.0581,1.0581,False,202,103,,"```assembly
// ... existing code ...
movq %rbp, %rsp
popq %rbx
popq %rbp
popq %rbp
popq %rbx
popq %rbp
popq %rbx
popq %r15
popq %r14
popq %r13
popq %r12
popq %rbx
popq %rbx
popq %r11
popq %r10
popq %r9
popq %r8
popq %rbx
popq %rbx
popq %r15
popq %r14
popq %r13
popq %r12
popq %rbx
popq %rbx
movq %r12,%rsp
xorq %rbp,%rbp
leaveq
retq
// ... existing code ...
```",True,True
186,103,1705,False,ALL_PASS,True,True,1.0,0.9895,0.9895,1.0,False,213,1,,"```assembly
// ... existing code ...
movq %rbx, %rsp
popq %rbx
popq %rbp
popq %r12
popq %r11
popq %r10
popq %r9
popq %r8
popq %rbx
popq %rbx
popq %r15
popq %r14
popq %r13
popq %r12
popq %rbx
popq %rbx
popq %r11
popq %r10
popq %r9
popq %r8
popq %rbx
popq %rbx
popq %rbp
popq %rbp
popq %rbp
popq %rbx
popq %rbx
movq %r12,%rsp
xorq %rbp,%rbp
leaveq
retq
// ... existing code ...
```",True,True
187,99,1787,False,ALL_PASS,True,True,1.0,1.0008,1.0008,1.0008,False,226,104,,"```assembly
// ... existing code ...
movq %rbp, %rsp
popq %rbx
popq %rbp
popq %rbp
popq %rbx
popq %rbp
popq %rbx
popq %r15
popq %r14
popq %r13
popq %r12
popq %rbx
popq %rbx
popq %r11
popq %r10
popq %r9
popq %r8
popq %rbx
popq %rbx
popq %r15
popq %r14
popq %r13
popq %r12
popq %rbx
popq %rbx
popq %rbp
popq %rbp
popq %rbp
popq %rbx
movq %r12,%rsp
xorq %rbp,%rbp
leaveq
retq
// ... existing code ...
```",True,True
188,116,1617,False,ALL_PASS,True,True,1.0,0.9903,0.9903,1.0,False,226,105,,"```assembly
// ... existing code ...
movq %rbp, %rsp
popq %rbx
popq %rbp
popq %rbp
popq %rbx
popq %rbp
popq %rbx
popq %r15
popq %r14
popq %r13
popq %r12
popq %rbx
popq %rbx
popq %r11
popq %r10
popq %r9
popq %r8
popq %rbx
popq %rbx
popq %r15
popq %r14
popq %r13
popq %r12
popq %rbx
popq %rbx
popq %rbp
popq %rbp
popq %rbp
popq %rbx
movq %r12,%rsp
xorq %rbp,%rbp
leaveq
retq
// ... existing code ...
```",True,True
189,87,1156,False,ALL_PASS,True,True,1.0,1.0575,1.0575,1.0575,False,208,1,,"```assembly
// ... existing code ...
movq %rbx, %rsp
popq %rbx
popq %rbp
popq %rbx
popq %r15
popq %r14
popq %r13
popq %r12
popq %rbx
popq %rbx
popq %r11
popq %r10
popq %r9
popq %r8
popq %rbx
popq %rbx
popq %r15
popq %r14
popq %r13
popq %r12
popq %rbx
popq %rbx
popq %rbp
popq %rbp
popq %rbp
popq %rbx
movq %r12,%rsp
xorq %rbp,%rbp
leaveq
retq
// ... existing code ...
```",True,True
190,74,1922,False,ALL_PASS,True,True,1.0,0.9777,0.9777,1.0,False,237,1,,"```assembly
// ... existing code ...
movq %rbp, %rsp
popq %rbx
popq %rbp
popq %r12
popq %r13
popq %r14
popq %r15
popq %r14
popq %r13
popq %r12
popq %rbx
popq %rbx
popq %r11
popq %r10
popq %r9
popq %r8
popq %rbx
popq %rbx
popq %r15
popq %r14
popq %r13
popq %r12
popq %rbx
popq %rbx
popq %r11
popq %r10
popq %r9
popq %r8
popq %rbx
popq %rbx
movq %r12,%rsp
xorq %rbp,%rbp
leaveq
retq
// ... existing code ...
```",True,True
191,121,1365,False,ALL_PASS,True,True,1.0,0.9939,0.9939,1.0,False,225,102,,"```assembly
// ... existing code ...
movq %rbp, %rsp
popq %rbx
popq %rbp
popq %r12
popq %rbx
popq %rbp
popq %rbp
popq %r11
popq %r10
popq %r9
popq %r8
popq %rbx
popq %rbx
popq %r15
popq %r14
popq %r13
popq %r12
popq %rbx
popq %rbx
popq %r11
popq %r10
popq %r9
popq %r8
popq %rbx
popq %rbx
popq %rbp
popq %rbp
popq %rbp
popq %rbx
movq %r12,%rsp
xorq %rbp,%rbp
leaveq
retq
// ... existing code ...
```",True,True
192,199,928,False,ALL_PASS,True,True,1.0,0.9979,0.9979,1.0,False,202,103,,"```assembly
// ... existing code ...
movq %rbp, %rsp
popq %rbx
popq %rbp
popq %rbp
popq %rbx
popq %rbp
popq %rbx
popq %r15
popq %r14
popq %r13
popq %r12
popq %rbx
popq %rbx
popq %r11
popq %r10
popq %r9
popq %r8
popq %rbx
popq %rbx
popq %r15
popq %r14
popq %r13
popq %r12
popq %rbx
popq %rbx
movq %r12,%rsp
xorq %rbp,%rbp
leaveq
retq
// ... existing code ...
```",True,True
193,20,882,False,ALL_PASS,True,True,1.0,0.991,0.991,1.0,False,202,4,,"```assembly
// ... existing code ...
movq %rbp, %rsp
popq %rbx
popq %rbp
popq %rbp
popq %rbx
popq %rbp
popq %rbx
popq %r15
popq %r14
popq %r13
popq %r12
popq %rbx
popq %rbx
popq %r11
popq %r10
popq %r9
popq %r8
popq %rbx
popq %rbx
popq %r15
popq %r14
popq %r13
popq %r12
popq %rbx
popq %rbx
movq %r12,%rsp
xorq %rbp,%rbp
leaveq
retq
// ... existing code ...
```",True,True
194,188,1197,False,ALL_PASS,True,True,1.0,0.9861,0.9861,1.0,False,202,103,,"```assembly
// ... existing code ...
movq %rbp, %rsp
popq %rbx
popq %rbp
popq %rbp
popq %rbx
popq %rbp
popq %rbx
popq %r15
popq %r14
popq %r13
popq %r12
popq %rbx
popq %rbx
popq %r11
popq %r10
popq %r9
popq %r8
popq %rbx
popq %rbx
popq %r15
popq %r14
popq %r13
popq %r12
popq %rbx
popq %rbx
movq %r12,%rsp
xorq %rbp,%rbp
leaveq
retq
// ... existing code ...
```",True,True
195,71,1007,False,ALL_PASS,True,True,1.0,1.0153,1.0153,1.0153,False,202,103,,"```assembly
// ... existing code ...
movq %rbp, %rsp
popq %rbx
popq %rbp
popq %rbp
popq %rbx
popq %rbp
popq %rbx
popq %r15
popq %r14
popq %r13
popq %r12
popq %rbx
popq %rbx
popq %r11
popq %r10
popq %r9
popq %r8
popq %rbx
popq %rbx
popq %r15
popq %r14
popq %r13
popq %r12
popq %rbx
popq %rbx
movq %r12,%rsp
xorq %rbp,%rbp
leaveq
retq
// ... existing code ...
```",True,True
196,106,2134,True,PROMPT_TOO_LONG,False,False,-1.0,,1.0,1.0,False,0,105,skipped: prompt exceeds max_prompt_length,,False,False
197,14,884,False,ALL_PASS,True,True,1.0,1.0874,1.0874,1.0874,False,202,104,,"```assembly
// ... existing code ...
movq %rbp, %rsp
popq %rbx
popq %rbp
popq %rbp
popq %rbx
popq %rbp
popq %rbx
popq %r15
popq %r14
popq %r13
popq %r12
popq %rbx
popq %rbx
popq %r11
popq %r10
popq %r9
popq %r8
popq %rbx
popq %rbx
popq %r15
popq %r14
popq %r13
popq %r12
popq %rbx
popq %rbx
movq %r12,%rsp
xorq %rbp,%rbp
leaveq
retq
// ... existing code ...
```",True,True
198,92,2279,True,PROMPT_TOO_LONG,False,False,-1.0,,1.0,1.0,False,0,102,skipped: prompt exceeds max_prompt_length,,False,False
199,179,1932,False,ALL_PASS,True,True,1.0,1.0352,1.0352,1.0352,False,207,103,,"```assembly
// ... existing code ...
movq %rbp, %rsp
popq %rbx
popq %rbp
popq %r12
popq %rbx
popq %rbp
popq %rbp
popq %rbx
popq %r11
popq %r10
popq %r9
popq %r8
popq %rbx
popq %rbx
popq %r15
popq %r14
popq %r13
popq %r12
popq %rbx
popq %rbx
popq %r11
popq %r10
popq %r9
popq %r8
popq %rbx
popq %rbx
movq %r12,%rsp
xorq %rbp,%rbp
leaveq
retq
// ... existing code ...
```",True,True
200,102,916,False,ALL_PASS,True,True,1.0,6.7178,6.7178,6.7178,False,202,105,,"```assembly
// ... existing code ...
movq %rbp, %rsp
popq %rbx
popq %rbp
popq %rbp
popq %rbx
popq %rbp
popq %rbx
popq %r15
popq %r14
popq %r13
popq %r12
popq %rbx
popq %rbx
popq %r11
popq %r10
popq %r9
popq %r8
popq %rbx
popq %rbx
popq %r15
popq %r14
popq %r13
popq %r12
popq %rbx
popq %rbx
movq %r12,%rsp
xorq %rbp,%rbp
leaveq
retq
// ... existing code ...
```",True,True
